#name, A, B, C
NODE_0000013, 0.25007596854917535, 0.4296896863913765, 0.32023434505944803
NODE_0000005, 0.9941654520760037, 0.0046129737740280875, 0.0012215741499682488
SIM_Americas_4|Americas|2016, 1.0, 0.0, 0.0
NODE_0000006, 0.9967751969849119, 0.0029036640345269323, 0.0003211389805611301
SIM_Americas_5|Asia|2018, 0.0, 0.9999999999999999, 0.0
NODE_0000007, 0.9998938027884311, 9.832071695707548e-05, 7.876494611760405e-06
SIM_Americas_1|Americas|2010, 0.9999999999999999, 0.0, 0.0
NODE_0000008, 0.999918651071873, 6.294984225567187e-05, 1.8399085871218344e-05
SIM_Americas_2|Americas|2012, 1.0, 0.0, 0.0
SIM_Americas_3|Americas|2014, 1.0, 0.0, 0.0
NODE_0000004, 0.13636016253917946, 0.5100988333236467, 0.3535410041371738
NODE_0000003, 0.001060321084439076, 0.997103681936376, 0.0018359969791849247
SIM_Asia_4|Asia|2007, 0.0, 1.0, 0.0
NODE_0000000, 8.489678516963388e-05, 0.9995153476155009, 0.00039975559932956954
NODE_0000001, 0.0001057349099060814, 0.9997794513399036, 0.00011481375019030315
SIM_Asia_2|Asia|2003, 0.0, 1.0, 0.0
SIM_Asia_3|Asia|2005, 0.0, 1.0, 0.0
NODE_0000002, 8.220949677215631e-05, 0.999406129775884, 0.0005116607273441408
SIM_Asia_5|Europe|2009, 0.0, 0.0, 1.0
SIM_Asia_1|Asia|2001, 0.0, 1.0, 0.0
NODE_0000009, 0.0014098118758399513, 0.0037790599255262277, 0.9948111281986338
SIM_Europe_5|Europe|2014, 0.0, 0.0, 1.0
NODE_0000010, 6.359140697246947e-05, 0.00019073363011000086, 0.9997456749629174
SIM_Europe_4|Europe|2012, 0.0, 0.0, 1.0
NODE_0000011, 3.6061885020821278e-06, 1.2345107390912404e-05, 0.9999840487041068
SIM_Europe_2|Europe|2008, 0.0, 0.0, 1.0
NODE_0000012, 1.2819351392677537e-06, 3.950050557803479e-06, 0.9999947680143029
SIM_Europe_1|Europe|2006, 0.0, 0.0, 1.0
SIM_Europe_3|Europe|2010, 0.0, 0.0, 0.9999999999999999
