id	raw_length	aln_length	len_ratio	gap_ratio	n_ratio	identity_to_ref	status	reason
NC_001440.1|Cucumber_mosaic_virus_RNA3_RefSeq	2216	2292	1.0045	0.0332	0.0		KEEP	
PP942736.1|Cucumber_mosaic_virus_RNA3_China	2209	2292	1.0014	0.0362	0.0		KEEP	
OQ514051.1|Cucumber_mosaic_virus_RNA3_India	2118	2292	0.9601	0.0759	0.0		KEEP	
OL472039.1|Cucumber_mosaic_virus_RNA3_Slovenia	2205	2292	0.9995	0.038	0.0		KEEP	
OM621808.1|Cucumber_mosaic_virus_RNA3_South_Korea	2077	2292	0.9415	0.0938	0.0		KEEP	
ON013883.1|Cucumber_mosaic_virus_RNA3_Australia	2197	2292	0.9959	0.0414	0.0		KEEP	
PP928859.1|Cucumber_mosaic_virus_RNA3_Iran	2203	2292	0.9986	0.0388	0.0		KEEP	
PP928864.1|Cucumber_mosaic_virus_RNA3_France	2215	2292	1.0041	0.0336	0.0		KEEP	
ON013890.1|Cucumber_mosaic_virus_RNA3_Germany	2215	2292	1.0041	0.0336	0.0		KEEP	
MG882749.1|Cucumber_mosaic_virus_RNA3_Poland	2206	2292	1.0	0.0375	0.0		KEEP	
