name,date
SIM_Americas_1|Americas|2010,2010.4555555555555
SIM_Americas_2|Americas|2012,2012.4555555555555
SIM_Americas_3|Americas|2014,2014.4555555555555
SIM_Americas_4|Americas|2016,2016.4555555555555
SIM_Americas_5|Asia|2018,2018.4555555555555
SIM_Asia_1|Asia|2001,2001.4555555555555
SIM_Asia_2|Asia|2003,2003.4555555555555
SIM_Asia_3|Asia|2005,2005.4555555555555
SIM_Asia_4|Asia|2007,2007.4555555555555
SIM_Asia_5|Europe|2009,2009.4555555555555
SIM_Europe_1|Europe|2006,2006.4555555555555
SIM_Europe_2|Europe|2008,2008.4555555555555
SIM_Europe_3|Europe|2010,2010.4555555555555
SIM_Europe_4|Europe|2012,2012.4555555555555
SIM_Europe_5|Europe|2014,2014.4555555555555
