Comparison,NT_identity(%),AA_identity(%)
PZ512725.1_Tomato_brown_rugose_fruit_vir vs PZ512725.1_Tomato_brown_rugose_fruit_vir_1,98.54,95.62
PZ397462.1_Tomato_mottle_mosaic_virus vs PZ397462.1_Tomato_mottle_mosaic_virus_va,94.34,86.71
PZ530881.1_Odontoglossum_ringspot_virus vs PZ530881.1_Odontoglossum_ringspot_virus_,88.52,33.53
PZ512725.1_Tomato_brown_rugose_fruit_vir vs PZ397462.1_Tomato_mottle_mosaic_virus,80.51,91.4
PZ397462.1_Tomato_mottle_mosaic_virus vs PZ512725.1_Tomato_brown_rugose_fruit_vir_1,79.54,85.4
PZ512725.1_Tomato_brown_rugose_fruit_vir vs PZ397462.1_Tomato_mottle_mosaic_virus_va,76.55,78.67
PZ512725.1_Tomato_brown_rugose_fruit_vir_1 vs PZ397462.1_Tomato_mottle_mosaic_virus_va,75.65,27.95
PZ530881.1_Odontoglossum_ringspot_virus vs PZ512725.1_Tomato_brown_rugose_fruit_vir,63.17,60.42
PZ530881.1_Odontoglossum_ringspot_virus vs PZ512725.1_Tomato_brown_rugose_fruit_vir_1,62.54,58.72
PZ530881.1_Odontoglossum_ringspot_virus vs PZ397462.1_Tomato_mottle_mosaic_virus,62.5,60.51
PZ530881.1_Odontoglossum_ringspot_virus vs PZ397462.1_Tomato_mottle_mosaic_virus_va,59.68,55.59
PZ512725.1_Tomato_brown_rugose_fruit_vir vs PZ530881.1_Odontoglossum_ringspot_virus_,57.61,25.54
PZ512725.1_Tomato_brown_rugose_fruit_vir_1 vs PZ530881.1_Odontoglossum_ringspot_virus_,56.98,55.0
PZ397462.1_Tomato_mottle_mosaic_virus vs PZ530881.1_Odontoglossum_ringspot_virus_,56.94,25.0
PZ397462.1_Tomato_mottle_mosaic_virus_va vs PZ530881.1_Odontoglossum_ringspot_virus_,54.3,26.47
