#node	date	numeric date
NODE_0000013	1978-06-07	1978.430728
NODE_0000005	2009-08-16	2009.624474
SIM_Americas_4|Americas|2016	2016-06-15	2016.455556
NODE_0000006	2010-01-08	2010.021387
SIM_Americas_5|Asia|2018	2018-06-16	2018.455556
NODE_0000007	2010-03-05	2010.173031
SIM_Americas_1|Americas|2010	2010-06-16	2010.455556
NODE_0000008	2011-01-12	2011.032191
SIM_Americas_2|Americas|2012	2012-06-15	2012.455556
SIM_Americas_3|Americas|2014	2014-06-16	2014.455556
NODE_0000004	1988-05-29	1988.408057
NODE_0000003	2000-10-02	2000.751783
SIM_Asia_4|Asia|2007	2007-06-16	2007.455556
NODE_0000000	2000-12-25	2000.982872
NODE_0000001	2002-03-26	2002.230707
SIM_Asia_2|Asia|2003	2003-06-16	2003.455556
SIM_Asia_3|Asia|2005	2005-06-16	2005.455556
NODE_0000002	2001-02-17	2001.129413
SIM_Asia_5|Europe|2009	2009-06-16	2009.455556
SIM_Asia_1|Asia|2001	2001-06-16	2001.455556
NODE_0000009	2005-07-05	2005.507668
SIM_Europe_5|Europe|2014	2014-06-16	2014.455556
NODE_0000010	2005-12-14	2005.953339
SIM_Europe_4|Europe|2012	2012-06-15	2012.455556
NODE_0000011	2006-02-02	2006.087913
SIM_Europe_2|Europe|2008	2008-06-15	2008.455556
NODE_0000012	2006-03-20	2006.216214
SIM_Europe_1|Europe|2006	2006-06-16	2006.455556
SIM_Europe_3|Europe|2010	2010-06-16	2010.455556
