Event, StartBP, EndBP, ISeqs(A),ListCorr(A),SimScoreB(A),SimScore(A),PhPrScore(A),PhPrScore2(A),PhPrScore3(A),SubScore(A),SSDist(A),OUIndexA(A), SubPhPrScore(A),SubScore2(A),SubPhPrScore2(A),SRCompatF(A),SRCompatS(A), RCompat(A),RCompat2(A), RCompat3(A),RCompat4(A),RCompatS(A),RCompatS2(A),RCompatS3(A), RCompatS4(A),RCompatXF(A),RCompatXS(A), RCompatC(A),RCompatD(A),TrpScore(A), BadDists(A), OUList(A),ListCorr2(A),ListCorr3(A), Consensus(A:0), Consensus(A:1),Consensus(A:2),OuCheck(A),SetTot(0:A),SetTot(1:A),RankF(A:0), RankF(A:1),dMax(A)
 1, 9570, 2250,I$J$N$O$W, 8, .32184, 1,-.15992,-.28147,-.28147, 2.31224, .04319, 0, .6648, .082, .34392, 0, 0, 3, 0, 0, 0, 2, 0, 0, 0, 0, 0, 3, 2, 12.5, 3, 1, .75103, .17318, 0, 0, 190.7022, 6, 0, 0, 0, 5, .9870905,
 1, 9570, 2250,Q$H$J$L$N$O$X$Y, 27, .00947, 0, .44378, .0205, .0205, 1.373112, .04978, 1, .2797, .062, .18071, 0, 0, 5, 0, 0, 0, 2, 0, 0, 0, 0, 0, 5, 2, 13.69444, 4, 0, .53589, .24365, 0, 0, 85.20831,-6, 0, 0, 2, 10, .5586799,
 1, 9570, 2250,T$K$R$U, 16,-.00947, 0, .6627, .57168, .57168, 1.399665, .00749, 0, .1672, .06,-.10488, 0, 0, 2, 0, 0, 0, 3, 0, 0, 0, 0, 0, 0, 2, .5075, 2, 2, .48942, .12619, 0, 0, 38.5895,-12, 0, 0, 13, 4, .5995685,
 2, 5552, 5970,B, 0, 4.85765, 1,-1, 1, 1, 4.999867, 0, 0, .5, .018, .5, 0, 0, 0, 0, 0, 0, 0, 0, 0, 0, 0, 0, 0, 0, 6, 0, 0, .75003, .08195, 0, 0, 146.9106, 17, 0, 0, 14, 24, .5547206,
 2, 5552, 5970,M, 23, 1.30268, 0,-1,-1,-1, 3.222382, 0, 0, .5, .021, .5, 0, 0, 2, 0, 0, 0, 0, 0, 0, 0, 0, 0, 0, 0, 3.91988, 2, 1, .19358, .35221, 0, 0, 59.90583,-17, 0, 0, 16, 16, .324237,
 2, 5552, 5970,D, 23,-4.85765, 0,-1, 1, 1, 2.061919, 0, 0, .5, .003, .5, 0, 0, 3, 0, 0, 0, 5, 0, 0, 0, 0, 0, 0, 0, 1.09292, 2, 2, .14168, .58105, 0, 0, 0,-17, 0, 0, 23, 20, .2721034,
 3, 5680, 8460,N$J$W, 9, .33571, 1,-.46118,-.03535,-.03535, 2.135682, .10006, 0, .8472, .087, .54107, 0, 0, 1, 0, 0, 0, 0, 0, 0, 0, 0, 0, 0, 0, 17.3125, 1, 1, .72794, .14203, 0, 0, 228.445,-2, 0, 0, 1, 12, 1.010195,
 3, 5680, 8460,T$K$R$U, 13,-.11106, 0, .79193, .52373, .52373, .624754, .00275, 0, .1481, .058, .21184, 0, 0, 2, 0, 0, 0, 3, 0, 0, 0, 0, 0, 0, 0, .60528, 3, 2, .43604, .10977, 0, 0, 48.05427, 0, 0, 0, 16, 8, .488825,
 3, 5680, 8460,Q$H$I$L$O$Y, 26, .11106, 0, .69772, .44068, .44068, .60989, .02339, 0, .1754, .051, .24932, 0, 0, 6, 0, 0, 0, 4, 0, 0, 0, 0, 0, 0, 0, 11.22222, 4, 0, .50881, .20133, 0, 0, 48.00069,-10, 0, 0, 5, 4, .4352853,
 4, 7810, 8227,K, 3, .35824, 1,-.48317,-.41295,-.41295, 2.060285, .0808, 1, .8276, .116, .74418, 0, 0, 0, 0, 0, 0, 0, 0, 0, 0, 0, 0, 0, 0, 10.54728, 1, 1, .78821, .04733, 0, 0, 253.687, 4, 0, 0, 11, 2, 1.053322,
 4, 7810, 8227,L$I$J$O$Q$Y, 8,-.09138, 0, .63803, .09896, .09896, .569815, .01378, 1, .1209, .04,-.00442, 0, 0, 3, 0, 0, 0, 2, 0, 0, 0, 0, 0, 0, 0, .73252, 5, 2, .51441, .04962, 0, 0, 51.21173,-4, 0, 0, 8, 1, .4643937,
 4, 7810, 8227,T$N$R$U$W, 18, .09138, 0, .7092, .56878, .56878, .582027, .00371, 0, .0875, .049,-.17212, 0, 0, 4, 0, 0, 0, 0, 0, 0, 0, 0, 0, 0, 0, 5.52509, 3, 0, .71096, .12224, 0, 0, 49.60129,-4, 0, 0, 10, 11, .4535085,
 5, 5681, 6577,J, 1, .34603, 1,-.62095,-.34802,-.34802, 2.235874, .13445, 0, .985, .11, .88615, 0, 0, 0, 0, 0, 0, 0, 0, 0, 0, 0, 0, 0, 0, 21.38889, 1, 1, .83377, .05354, 0, 0, 250.9795, 11, 0, 0, 0, 4, 1.166269,
 5, 5681, 6577,I$H$L$O$Q$Y, 23, .0535, 0, .81778, .12941, .12941, .378285, .0008, 0, .1112, .04, .02706, 0, 0, 6, 0, 0, 0, 0, 0, 0, 0, 0, 0, 0, 0, 7.13889, 5, 0, .62262, .1716, 0, 0, 71.80927,-11, 1, 0, 1, 3, .297354,
 5, 5681, 6577,N$K$R$T$U$W, 12,-.0535, 0, .84411, .69801, .69801, .434196, .00063, 0, .1051, .023,-.11299, 0, 0, 0, 0, 0, 0, 4, 0, 0, 0, 0, 0, 0, 0, .32955, 3, 2, .48782, .10099, 0, 0, 36.71128,-11, 0, 0, 3, 4, .3334775,
 6, 7794, 8210,H, 5, .33915, 1,-.718,-.5756,-.5756, 1.988855, .07423, 0, .985, .063, .83747, 0, 0, 0, 0, 0, 0, 0, 0, 0, 0, 0, 0, 0, 0, 10.1875, 0, 1, .79476, .07218, 0, 0, 220.0969, 11, 0, 0, 5, 6, .9759113,
 6, 7794, 8210,U$N$R$T$W, 8,-.09295, 0, .84952, .83753, .83753, .440514, .0008, 0, .0767, .035,-.11217, 0, 0, 0, 0, 0, 0, 0, 0, 0, 0, 0, 0, 0, 0, .37851, 2, 2, .48127, .10661, 0, 0, 36.75795,-11, 0, 0, 13, 8, .3031703,
 6, 7794, 8210,Y$I$J$L$O$Q, 22, .09295, 0, .84796, .35675, .35675, .34235, .00083, 0, .0734, .03, .09328, 0, 0, 4, 0, 0, 0, 0, 0, 0, 0, 0, 0, 0, 0, 5.32639, 3, 0, .57079, .19039, 0, 0, 52.64513,-11, 0, 0, 4, 12, .334406,
 7, 315, 2235,O$J$N, 6, .59381, 1,-.38382,-.36923,-.36923, 3.02722, .13229, 0, .4636, .11, .60233, 0, 0, 1, 0, 0, 0, 0, 0, 0, 0, 0, 0, 0, 0, 2.96556, 1, 1, .82479, .09526, 0, 0, 213.7953, 2, 0, 0, 6, 16, 1.023876,
 7, 315, 2235,L$H$Q$X$Y, 6,-.13814, 0, .47258, .43356, .43356, 1.159684, .0166, 0,-.0812, .047, .1545, 0, 0, 0, 0, 0, 0, 5, 0, 0, 0, 0, 0, 0, 0, .56222, 2, 2, .60661, .08149, 0, 0, 52.10786,-2, 0, 0, 10, 1, .5339127,
 7, 315, 2235,W$I$K$R$T$U, 15, .13814, 0, .18931, .64167, .64167, 1.640781, .06503, 0, .0648, .029, .0448, 0, 0, 3, 0, 0, 0, 0, 0, 0, 0, 0, 0, 0, 0, 3.38889, 1, 0, .77263, .10176, 0, 0, 75.59689,-2, 0, 0, 2, 5, .5327659,
 8, 8465, 9094,W, 1, .27649, 1,-.65695,-.42037,-.42037, 1.649875, .11641, 0, .98, .128, .8798, 0, 0, 0, 0, 0, 0, 0, 0, 0, 0, 0, 0, 0, 0, 28.375, 0, 1, .83349, .02004, 0, 0, 250.2325, 13, 0, 0, 2, 12, 1.118688,
 8, 8465, 9094,T$K$R$U, 10, .04776, 0, .85594, .67087, .67087, 1.093615, .00856, 0, .1106, .029,-.12834, 0, 0, 0, 0, 0, 0, 4, 0, 0, 0, 0, 0, 0, 0, .17472, 2, 2, .54948, .06642, 0, 0, 46.684,-13, 0, 0, 15, 11, .3369102,
 8, 8465, 9094,I$H$J$L$N$O$Q$Y, 26,-.04776, 0, .831, .17297, .17297, .516008, .00904, 0, .0948, .041, .00695, 0, 0, 6, 0, 0, 0, 0, 0, 0, 0, 0, 0, 0, 0, 12.58333, 6, 0, .49942, .19742, 0, 0, 62.58351,-13, 0, 0, 0, 1, .3734463,
 9, 9290, 382,X, 9, .11404, 0,-.36567,-.44093,-.44093, .716844, .01093, 0, .9428, .06, .83657, 0, 0, 0, 0, 0, 0, 0, 0, 0, 0, 0, 0, 0, 0, 4.04444, 0, 1, .14157, .07117, 0, 0, 220.9579, 0, 0, 0, 13, 0, .7392167,
 9, 9290, 382,, 9,-.10412, 0, .92649, .95968, .95968, .856285, .01314, 1,-.007, .019,-.10995, 0, 0, 4, 0, 0, 0, 5, 0, 0, 0, 0, 0, 0, 0, 3, 4, 0, .09582, .09591, 0, 0, 20.58777, 0, 0, 0, 12, 14, .3242855,
 9, 9290, 382,Q$H$L$Y, 8, .10412, 0, .67088, .27506, .27506, .470486, .00368, 0, .3232, .035, .24804, 0, 0, 0, 0, 0, 0, 3, 0, 0, 0, 0, 0, 0, 0, 1.6, 2, 2, .1551, .06013, 0, 0, 100.9543, 0, 0, 0, 8, 2, .3501917,
 10, 3498, 9585,U, 1, .03232, 0,-.98036,-.60999,-.60999, .123991, 0, 0, 1, .015, 1, 0, 0, 0, 0, 0, 0, 0, 0, 0, 0, 0, 0, 0, 0, 1.25, 0, 1, .19041, .0115, 0, 0, 95.17838, 0, 0, 0, 18, 17, .1983702,
 10, 3498, 9585,R, 0,-.08047, 0,-.39533, 1, 1, .099782, 0, 0, 0, .015, 0, 0, 0, 0, 0, 0, 0, 0, 0, 0, 0, 0, 0, 0, 0, 1, 0, 0, .24717, 0, 0, 0, 63.24394, 0, 0, 0, 17, 18, .1725474,
 10, 3498, 9585,T$K, 0, .08047, 1, .50488,-.38125,-.38125, .106044, 0, 0, 0, .016, 0, 0, 0, 0, 0, 0, 0, 1, 0, 0, 0, 0, 0, 0, 0, .5, 1, 2, .35007, 0, 0, 0, 36.57767, 0, 0, 0, 15, 15, .1817699,
 11, 9405, 9594,H, 7, .30007, 1,-.75878,-.11939,-.11939, 3.933707, .40195, 0, .9171, .059, .83841, 0, 0, 0, 0, 0, 0, 0, 0, 0, 0, 0, 0, 0, 0, 20.58333, 0, 1, .82851, .04312, 0, 0, 234.058, 3, 0, 0, 8, 17, 1.011846,
 11, 9405, 9594,U$K$R$T, 12,-.07367, 0, .81184, .81464, .81464, 1.914169, .01321, 0,-.0203, .063, .33969, 0, 0, 0, 0, 0, 0, 0, 0, 0, 0, 0, 0, 0, 0, .52056, 0, 2, .4841, .01851, 0, 0, 67.09791,-3, 0, 0, 9, 14, .3749713,
 11, 9405, 9594,Y$I$J$L$N$O$Q$W$X, 21, .07367, 0, .72654, .75181, .75181, 1.125595, .02401, 0, .0274, .06, .34826, 0, 0, 7, 0, 0, 0, 4, 0, 0, 0, 0, 0, 0, 0, 7.72111, 8, 0, .69646, .11419, 0, 0, 63.34404,-7, 0, 0, 0, 9, .4432448,
 12, 10, 2506,R$U, 0, 0, 0, .98124, .85075, .85075, .794272, .00568, 0, .9883, .015, .93277, 0, 0, 0, 0, 0, 0, 0, 0, 0, 0, 0, 0, 0, 0, .33333, 0, 0, 0, 0, 0, 0, 139.5126, 0, 0, 0, 9, 13, .2463795,
 12, 10, 2506,K$T, 0, 0, 0, .98395, .92748, .92748, .87151, .00466, 0, .9875, .025, .9245, 0, 0, 0, 0, 1, 0, 0, 0, 0, 0, 0, 0, 0, 0, .22222, 0, 0, 0, 0, 0, 0, 107.2998, 0, 0, 0, 11, 11, .257245,
 12, 10, 2506,P$B$H$L$M$Q$S$V$X$Y, 0, 0, 0, .99127, .93591, .93591, .524823, .00385, 0, .9826, .011, .88772, 0, 0, 0, 0, 2, 0, 0, 0, 2, 0, 0, 0, 0, 0, .06, 0, 0, 0, 0, 0, 0, 16.68769, 0, 3, 0, 4, 4, .2530051,
 13, 9482, 9594,A, 5, .26501, 0,-.9854,-.97736,-.96825, 2.877129, 0, 0,-1, .033, 1, 0, 0, 0, 0, 0, 0, 0, 0, 0, 0, 0, 0, 0, 0, 3, 0, 1, .64013, .08211, 0, 0, 118.4285, 4, 0, 0, 19, 21, .3421596,
 13, 9482, 9594,G, 5, 2.35044, 1,-.7046, .30542, .39528, 3.673033, 0, 0, 0, .022, 0, 0, 0, 0, 0, 0, 0, 0, 0, 0, 0, 0, 0, 0, 0, 2, 0, 0, .58734, .16753, 0, 0, 91.52794,-4, 0, 0, 21, 24, .3474536,
 13, 9482, 9594,R, 4,-3.02394, 0,-.51011, 1, 1, 2.019173, 0, 0,-1, .001, 0, 0, 0, 1, 0, 0, 0, 1, 0, 0, 0, 0, 0, 0, 0, .33763, 1, 2, .46049, .20483, 0, 0, 26.04359,-4, 0, 0, 13, 11, .3748994,
 14, 7796, 7871,M$B, 11, .75582, 1, .46112, .47055, .47055, 3.709723, .58588, 0, .6415, .073, .28482, 0, 0, 0, 0, 0, 0, 0, 0, 0, 0, 0, 0, 0, 0, 5.14556, 0, 0, .62395, .24121, 0, 0, 151.2816, 5, 0, 0, 17, 23, .4981012,
 14, 7796, 7871,I$J$K$L$O$Q$Y, 19, .46506, 0, .53366, .4135, .4135, 2.538384, .36582, 0, .4561, .097, .33005, 0, 0, 3, 0, 0, 0, 3, 0, 0, 0, 0, 0, 0, 0, 2.83612, 1, 1, .34171, .37178, 0, 0, 28.49417,-5, 0, 0, 2, 1, .4769883,
 14, 7796, 7871,A$G, 13,-.75582, 0, .39978, .17356,-.01958, 6.651827, .63827, 0, .4699, .137, .45085, 0, 0, 1, 0, 0, 0, 1, 0, 0, 0, 0, 0, 0, 0, .57778, 0, 2, .39424, .28927, 0, 0, 114.7242,-5, 0, 0, 18, 17, .4938838,
 15, 120, 306,M, 5, .26783, 1, .46169,-.04407,-.04407, 2.715437, .06869, 1, .9802, .019, .6002, 0, 0, 0, 0, 0, 0, 0, 0, 0, 0, 0, 0, 0, 0, 3.13889, 0, 0, .1536, .04692, 0, 0, 207.0953, 0, 0, 0, 8, 11, .3399906,
 15, 120, 306,V, 7,-.26783, 0, .74826, .41417, .41417, 1.104338, .00999, 0, .4004, .024,-.0337, 0, 0, 1, 0, 0, 0, 2, 0, 0, 0, 0, 0, 0, 0, 1.13889, 1, 2, .05421, .0511, 0, 0, 10.21324, 0, 0, 0, 5, 6, .2189487,
 15, 120, 306,B, 7, .09859, 0, .4059,-.01939,-.01939, 1.904828, .02755, 0, .7178, .033, .57442, 0, 0, 0, 0, 0, 0, 0, 0, 0, 0, 0, 0, 0, 0, 2.38889, 0, 1, .06505, .05305, 0, 0, 145.1915, 0, 0, 0, 7, 8, .281033,
 16, 377, 581,M, 0, .19473, 1,-.51638,-.51287,-.51287, .936599, .0135, 1, .9045, .048, .78018, 0, 0, 0, 0, 0, 0, 0, 0, 0, 0, 0, 0, 0, 0, 3.57993, 0, 1, .59528, .04688, 0, 0, 227.0252, 3, 0, 0, 8, 7, .5827822,
 16, 377, 581,H$Q$Y, 3,-.04646, 0, .81467, .25549, .25549, .742499, .01068, 1,-.3958, .024,-.23858, 0, 0, 0, 0, 4, 0, 4, 0, 0, 0, 0, 0, 0, 0, .77993, 0, 2, .34098, .06555, 0, 0, 8.716117,-3, 0, 0, 1, 1, .3368174,
 16, 377, 581,B, 3, .04646, 0,-.12839, .12562, .12562, 1.069344, .00786, 0, .1235, .029,-.22268, 0, 0, 0, 0, 0, 0, 0, 0, 0, 0, 0, 0, 0, 0, 2.56215, 0, 0, .48823, .08704, 0, 0, 104.7586,-3, 0, 0, 9, 8, .3718494,
 17, 8921, 6,D, 0, 0, 0, .79878, .99654, .99654, 1.334174, .22313, 1, .803, .007, .99655, 0, 0, 0, 0, 0, 0, 0, 0, 0, 0, 0, 0, 0, 0, .5, 0, 0, 0, 0, 0, 0, 134.0448, 0, 0, 0, 24, 22, .2499965,
 17, 8921, 6,F, 0, 0, 0, .77407, .98946, .98946, 1.252847, .17079, 1, .7977, .008, .99995, 0, 0, 0, 0, 0, 0, 1, 0, 0, 0, 0, 0, 0, 0, .75, 1, 0, 0, 0, 0, 0, 131.5442, 0, 0, 0, 22, 20, .2499764,
 17, 8921, 6,G$A, 0, 0, 0, .85385, .99991, .99991, .74993, .04679, 0, .7852, .005, .99259, 0, 0, 2, 0, 0, 0, 2, 0, 0, 0, 0, 0, 0, 0, 0, 1, 0, 0, 0, 0, 0, 9.911013, 0, 0, 0, 20, 24, .2097629,
 18, 2847, 4260,J, 4, .00571, 0, .05212,-.14286,-.14286, .06551, .00006, 0, .3956, .045, .20084, 0, 0, 0, 0, 0, 0, 0, 0, 0, 0, 0, 0, 0, 0, 4.12245, 0, 0, .20008, .09152, 0, 0, 141.2378, 0, 0, 0, 3, 4, .2885689,
 18, 2847, 4260,L, 4,-.00571, 0, .10481,-.13484,-.13484, .053605, .00023, 0, .0719, .026,-.21592, 0, 0, 0, 0, 0, 0, 2, 0, 0, 0, 0, 0, 0, 0, 3.97449, 2, 2, .12313, .08448, 0, 0, 32.75503, 0, 15, 0, 8, 2, .1773319,
 18, 2847, 4260,N, 9, .02027, 0, .16374,-.24516,-.24516, .058369, .00004, 0, .2698, .037, .52378, 0, 0, 0, 0, 0, 0, 0, 0, 0, 0, 0, 0, 0, 0, 4.40816, 0, 1, 0, .10229, 0, 0, 107.5072, 0, 0, 0, 2, 0, .2799697,
 19, 9043, 23,F, 0, 0, 0, .89974, .99991, .99991, .885692, .025, 0, .9185, .008, .95175, 0, 0, 0, 0, 0, 0, 0, 0, 0, 0, 0, 0, 0, 0, 0, 0, 0, 0, 0, 0, 0, 102.2583, 0, 0, 0, 20, 18, .2643741,
 19, 9043, 23,E, 0, 0, 0, .91769, .99996, .99996, .884621, .04369, 0, .9324, .008, .95171, 0, 0, 0, 0, 0, 0, 0, 0, 0, 0, 0, 0, 0, 0, 0, 0, 0, 0, 0, 0, 0, 92.05267, 0, 0, 0, 21, 20, .2758878,
 19, 9043, 23,T$B$I$J$K$L$M$N$O$P$Q$S$V$Y, 0, 0, 0, .98582, .90482, .90482, .743179, .00579, 0, .9085, .01, .99994, 0, 0, 3, 0, 0, 0, 4, 0, 0, 0, 0, 0, 0, 0, .00346, 0, 0, 0, 0, 0, 0, 60.18899, 0, 1, 0, 15, 15, .242102,
 20, 23, 341,X, 0, 0, 0, .93523, .62166, .62166, 2.147551, .56145, 0, .7648, .026, .7799, 0, 0, 0, 0, 3, 0, 0, 0, 3, 0, 0, 0, 0, 0, .51736, 0, 0, 0, 0, 0, 0, 118.2102, 0, 5, 0, 0, 11, .3356877,
 20, 23, 341,E, 0, 0, 0, .43541, .77631, .77631, 7.227905, 1.77435, 0, .8066, .019, .67603, 0, 0, 0, 0, 2, 0, 0, 0, 2, 0, 0, 0, 0, 0, .25, 0, 0, 0, 0, 0, 0, 103.654, 0, 0, 0, 17, 15, .2060718,
 20, 23, 341,C, 0, 0, 0, .64254, .79001, .79001, 5.978918, .8871, 0, .6628, .019, .66538, 0, 0, 0, 0, 5, 0, 0, 0, 4, 0, 0, 0, 0, 0, .25, 0, 0, 0, 0, 0, 0, 17.6358, 0, 0, 0, 15, 13, .1871859,
 21, 9364, 22,E, 0, 0, 0, .79891, .99985, .99985, 4.418469, .16727, 0, .5664, .015, .99976, 0, 0, 0, 0, 0, 0, 0, 0, 0, 0, 0, 0, 0, 0, 0, 0, 0, 0, 0, 0, 0, 118.9773, 0, 0, 0, 20, 20, .3507393,
 21, 9364, 22,G, 0, 0, 0, .90684, .99948, .99948, 4.507579, .13689, 0, .8395, .015, .99986, 0, 0, 1, 0, 0, 0, 1, 0, 0, 0, 0, 0, 0, 0, 0, 0, 0, 0, 0, 0, 0, 94.37017, 0, 0, 0, 18, 19, .295086,
 21, 9364, 22,C, 0, 0, 0, .84069, .99985, .99985, 3.487787, .09731, 0, .491, .015, .99976, 0, 0, 0, 0, 0, 0, 0, 0, 0, 0, 0, 0, 0, 0, 0, 0, 0, 0, 0, 0, 0, 104.1525, 0, 0, 0, 19, 18, .3595492,
 22, 2831, 3730,M, 0, 0, 0, .38368, .80023, .80023, .30609, .00111, 0, .7994, .035, .89325, 0, 0, 0, 0, 4, 0, 0, 0, 3, 0, 0, 0, 0, 0, 1, 0, 0, 0, 0, 0, 0, 123.5938, 0, 0, 0, 13, 12, .2128952,
 22, 2831, 3730,L$H$I$N$P$Q$W$Y, 0, 0, 0, .98563, .80889, .80889, .193759, .00123, 0, .6736, .012, .8005, 0, 0, 0, 0, 1, 0, 0, 0, 2, 0, 0, 0, 0, 0, .46716, 0, 0, 0, 0, 0, 0, 61.24102, 0, 0, 0, 6, 0, .1873032,
 22, 2831, 3730,B, 0, 0, 0, .89924, .80023, .80023, .223623, .0005, 0, .3105, .035, .89325, 0, 0, 0, 0, 3, 0, 0, 0, 3, 0, 0, 0, 0, 0, 1, 0, 0, 0, 0, 0, 0, 80.66521, 0, 0, 0, 14, 11, .200034,
 23, 8984, 9352,M, 11, .04873, 0, .36945,-.25744,-.25744, .789865, .05001, 0, .6308, .063, .28361, 0, 0, 0, 0, 0, 0, 0, 0, 0, 0, 0, 0, 0, 0, 2.92333, 0, 0, .1864, .15764, 0, 0, 194.0992, 0, 0, 0, 12, 17, .3776427,
 23, 8984, 9352,V$P$S, 12,-.04873, 0, .47238, .17378, .17378, 1.191072, .12867, 1, .2046, .063,-.19874, 0, 0, 1, 0, 0, 0, 1, 0, 0, 0, 0, 0, 0, 0, 2.42333, 1, 2, 0, .16239, 0, 0, 50.75459, 0, 2, 0, 10, 9, .3593119,
 23, 8984, 9352,B, 11, .14777, 1, .13654, .21318, .21318, 1.268757, .11538, 1, .495, .063,-.36508, 0, 0, 0, 0, 0, 0, 0, 0, 0, 0, 0, 0, 0, 0, 2.62333, 0, 1, .1658, .16429, 0, 0, 126.6462, 0, 0, 0, 14, 12, .3269494,
 24, 8138, 8222,C, 3,-.1044, 0, .05107, .22682, .22682, 4.777596, .30915, 0, .6682, .075, .73109, 0, 0, 0, 0, 0, 0, 0, 0, 0, 0, 0, 0, 0, 0, .74972, 0, 2, .39505, .14794, 0, 0, 162.5181, 0, 0, 0, 17, 16, .5524907,
 24, 8138, 8222,Y$I$L$M$O$S, 6, .1044, 0, .78937, .77658, .77658, 1.93592, .14885, 0, .2265, .032, .41306, 0, 0, 0, 1, 0, 0, 0, 0, 2, 0, 0, 0, 0, 0, 1.22021, 0, 0, .60848, .14133, 0, 0, 33.0331, 0, 0, 0, 6, 12, .3588816,
 24, 8138, 8222,W$N, 1, .60251, 1, .4141, .61832, .61832, 2.27089, .10252, 0, .4384, .071, .53305, 0, 0, 0, 0, 0, 0, 0, 0, 0, 0, 0, 0, 0, 0, 1.26389, 0, 1, .51552, .11142, 0, 0, 111.9488, 0, 0, 0, 2, 14, .385846,
 25, 2262, 4091,C, 0, 0, 0, .99988, 1, 1, .177008, 0, 0, 1, 0, 1, 0, 0, 0, 0, 0, 0, 0, 0, 0, 0, 0, 0, 0, 0, 0, 0, 0, 0, 0, 0, 0, 96.56447, 0, 1, 0, 20, 21, .1518437,
 25, 2262, 4091,E, 0, 0, 0, .98874, 1, 1, .117482, 0, 0, 1, 0, 1, 0, 0, 0, 0, 1, 0, 0, 0, 1, 0, 0, 0, 0, 0, 0, 0, 0, 0, 0, 0, 0, 47.09739, 0, 0, 0, 22, 19, .1223946,
 25, 2262, 4091,F, 0, 0, 0, .99995, 1, 1, .175614, 0, 0, 1, 0, 1, 0, 0, 0, 0, 2, 0, 0, 0, 2, 0, 0, 0, 0, 0, 0, 0, 0, 0, 0, 0, 0, 25.33814, 0, 1, 0, 21, 18, .1272274,
 26, 9098, 9569,Q, 9,-.0047, 0, .15246,-.65292,-.65292, .106864, .00448, 1, .275, .024, .86236, 0, 0, 0, 0, 0, 0, 0, 0, 0, 0, 0, 0, 0, 0, 6.80556, 0, 1, .14177, .14733, 0, 0, 63.57579, 0, 0, 0, 5, 7, .4253224,
 26, 9098, 9569,O, 7,-.05009, 0, .24249, 1, 1, .08659, .00304, 0, .3053, .019, .19286, 0, 0, 0, 0, 0, 0, 0, 0, 0, 0, 0, 0, 0, 0, 7.55556, 0, 0, .32034, .12502, 0, 0, 48.07935, 0, 0, 0, 3, 4, .3654266,
 26, 9098, 9569,L, 9, .03709, 1, .32411, .64468, .64468, .157313, .00878, 1, .4244, .015, .14901, 0, 0, 0, 0, 0, 0, 0, 0, 0, 0, 0, 0, 0, 0, 6.02778, 0, 2, .04024, .1433, 0, 0, 39.84487, 0, 0, 0, 8, 1, .4114418,
 27, 2251, 4006,Q, 5,-.01475, 0, .17454,-.46491,-.46491, .06122, .00022, 1, .1297, .03, .46602, 0, 0, 0, 0, 0, 0, 0, 0, 0, 0, 0, 0, 0, 0, 15.24, 0, 0, .48305, .13872, 0, 0, 142.229, 0, 0, 0, 5, 7, .3013412,
 27, 2251, 4006,O, 7, .01152, 0, .13082,-.17978,-.17978, .066148, .00021, 0, .1771, .032,-.24076, 0, 0, 0, 0, 0, 0, 0, 0, 0, 0, 0, 0, 0, 0, 8.46222, 0, 1, 0, .18102, 0, 0, 113.7307, 0, 4, 0, 4, 5, .3014158,
 27, 2251, 4006,L, 5, .01475, 1,-.08518, .4384, .4384, .04391, .00007, 0, .2177, .011,-.33042, 0, 0, 1, 0, 0, 0, 1, 0, 0, 0, 0, 0, 0, 0, 7.15667, 0, 2, .27596, .15794, 0, 0, 43.5403, 0, 0, 0, 7, 2, .2309493,
 28, 46, 207,S$V, 0, 0, 0, .92258, .80848, .80848, 3.76557, .09232, 0, .8979, .023, .99476, 0, 0, 0, 0, 0, 0, 0, 0, 0, 0, 0, 0, 0, 0, .39506, 0, 0, 0, 0, 0, 0, 53.95162, 0, 0, 0, 7, 2, .2191467,
 28, 46, 207,T, 0, 0, 0, .9307, .9886, .9886, 5.182136, .07319, 1, .8927, .008, .90462, 0, 0, 0, 0, 0, 0, 0, 0, 0, 0, 0, 0, 0, 0, .17284, 0, 0, 0, 0, 0, 0, 24.61872, 0, 0, 0, 9, 10, .1928899,
 28, 46, 207,G$A, 0, 0, 0, .85222, 1, 1, 4.899347, .07047, 0, .9294, 0, .89499, 0, 0, 0, 0, 0, 0, 0, 0, 0, 0, 0, 0, 0, 0, 0, 0, 0, 0, 0, 0, 0, 40.92966, 0, 0, 0, 14, 12, .2184546,
 29, 2487, 3381,T, 0, 0, 0, .97749, .97628, .97628, 1.809083, .03926, 1, .9793, .029, .96939, 0, 0, 0, 0, 0, 0, 0, 0, 0, 0, 0, 0, 0, 0, .12755, 0, 0, 0, 0, 0, 0, 97.24288, 0, 0, 0, 15, 14, .1611987,
 29, 2487, 3381,P, 0, 0, 0, .98912, .93426, .93426, 2.011093, .04718, 0, .9725, .037, .98845, 0, 0, 0, 0, 3, 0, 0, 0, 3, 0, 0, 0, 0, 0, .17857, 0, 0, 0, 0, 0, 0, 95.12699, 0, 0, 0, 8, 9, .1969381,
 29, 2487, 3381,G, 0, 0, 0, .9669, .99984, .99984, 7.162208, .12158, 0, .983, .008, .95232, 0, 0, 0, 0, 0, 0, 0, 0, 0, 0, 0, 0, 0, 0, 0, 0, 0, 0, 0, 0, 0, 76.13013, 0, 0, 0, 18, 21, .1582873,
 30, 7622, 7694,B, 15, .18134, 0, .39225,-.20916, .04632, 2.668408, .24475, 1, .848, .119,-.23084, 0, 0, 0, 0, 0, 0, 0, 0, 0, 0, 0, 0, 0, 0, 9.22222, 0, 1, .28109, .26636, 0, 0, 162.9735, 0, 0, 0, 12, 13, .5925097,
 30, 7622, 7694,X, 15,-.63758, 0, .80558,-.19994,-.19994, 2.047645, .20159, 1, .5956, .111,-.24412, 0, 0, 1, 0, 0, 0, 1, 0, 0, 0, 0, 0, 0, 0, 7.41667, 0, 2, .2393, .25802, 0, 0, 41.93602, 0, 0, 0, 10, 8, .4618746,
 30, 7622, 7694,M, 14, .63758, 1, .81375,-.10735,-.10735, 1.604121, .0963, 0, .6926, .085,-.14015, 0, 0, 0, 0, 0, 0, 0, 0, 0, 0, 0, 0, 0, 0, 6.79592, 0, 0, .39904, .2832, 0, 0, 110.5904, 0, 0, 0, 9, 15, .6449262,
 31, 8637, 8690,E, 0, 0, 0, .88297, .99476, .99476, 5.067805, .08202, 1, .9068, .018, .8092, 0, 0, 0, 0, 0, 0, 0, 0, 0, 0, 0, 0, 0, 0, .75, 0, 0, 0, 0, 0, 0, 78.73994, 0, 0, 0, 21, 19, .3333334,
 31, 8637, 8690,F, 0, 0, 0, .87391, .99417, .99417, 5.225847, .07424, 1, .9023, .017, .80894, 0, 0, 0, 0, 0, 0, 0, 0, 0, 0, 0, 0, 0, 0, .5, 0, 0, 0, 0, 0, 0, 71.86105, 0, 0, 0, 20, 20, .3145952,
 31, 8637, 8690,J$H$I$L$N$O$Q$V$X, 0, 0, 0, .9637, .62968, .62968, 1.742579, .03664, 0, .8812, .049, .99438, 0, 0, 0, 0, 0, 0, 0, 0, 1, 0, 0, 0, 0, 0, .07266, 0, 0, 0, 0, 0, 0, 72.89901, 0, 0, 0, 0, 0, .3412008,
 32, 9547, 9586,B, 11, .26709, 1,-.69088,-.3811,-.3811, .953355, .01235, 0, .1432, .033, .23549, 0, 0, 0, 0, 0, 0, 0, 0, 0, 0, 0, 0, 0, 0, 5.39583, 0, 1, .30693, .2914, 0, 0, 156.7325,-6, 0, 0, 8, 4, .8283662,
 32, 9547, 9586,T, 11, .09259, 0, .27976, .08922, .08922, .945561, .02152, 0,-.463, .033,-.05606, 0, 0, 3, 0, 0, 0, 2, 0, 0, 0, 0, 0, 0, 0, .765, 0, 2, .25725, .27166, 0, 0, 32.8209,-4, 0, 0, 9, 0, .7777255,
 32, 9547, 9586,M, 7,-.09259, 0,-.33965, .13608, .13608, 2.012349, .10812, 1,-.0366, .017,-.07084, 0, 0, 0, 0, 0, 0, 0, 0, 0, 0, 0, 0, 0, 0, 5.6875, 0, 0, .46866, .23596, 0, 0, 135.9466, 4, 0, 0, 7, 10, .8547143,
 33, 6636, 6678,B, 3, .05662, 0, .12189, .233, .233, 2.146102, .04154, 0, .685, .041, .41407, 0, 0, 0, 0, 0, 0, 0, 0, 0, 0, 0, 0, 0, 0, 6, 0, 0, .62963, .26706, 0, 0, 178.5383, 10, 0, 0, 12, 4, .499685,
 33, 6636, 6678,R$K$S$T, 11,-.32933, 0, .78751, .48983, .48983, 1.350543, .0084, 0, .3935, .047, .04367, 0, 0, 1, 0, 0, 0, 1, 0, 0, 0, 0, 0, 0, 0, .34722, 0, 2, .46907, .32115, 0, 0, 34.78079,-10, 0, 0, 11, 8, .4814011,
 33, 6636, 6678,M, 14, .05662, 0, .62374,-.1756,-.1756, 5.070155, .18531, 0, .5, .034, .40633, 0, 0, 0, 0, 0, 0, 0, 0, 0, 0, 0, 0, 0, 0, 6, 0, 1, .36431, .30024, 0, 0, 98.18089,-10, 0, 0, 9, 18, .4388113,
