,NC_001440.1,PP942736.1,OQ514051.1,OL472039.1,OM621808.1,ON013883.1,PP928859.1,PP928864.1,ON013890.1,MG882749.1
NC_001440.1,0.0,92.93,91.71,99.05,92.48,76.18,75.63,99.19,99.14,75.64
PP942736.1,92.93,0.0,93.88,92.76,91.87,76.55,76.11,92.79,92.65,76.24
OQ514051.1,91.71,93.88,0.0,91.57,91.32,77.01,76.53,91.57,91.81,76.62
OL472039.1,99.05,92.76,91.57,0.0,92.5,76.01,75.55,98.73,99.23,75.66
OM621808.1,92.48,91.87,91.32,92.5,0.0,77.74,77.3,92.33,92.58,77.24
ON013883.1,76.18,76.55,77.01,76.01,77.74,0.0,98.36,76.23,76.17,98.54
PP928859.1,75.63,76.11,76.53,75.55,77.3,98.36,0.0,75.86,75.71,98.59
PP928864.1,99.19,92.79,91.57,98.73,92.33,76.23,75.86,0.0,99.01,75.87
ON013890.1,99.14,92.65,91.81,99.23,92.58,76.17,75.71,99.01,0.0,75.82
MG882749.1,75.64,76.24,76.62,75.66,77.24,98.54,98.59,75.87,75.82,0.0
