example_contig_1	cd23180	1.041E-143	29.400	6096	2004	3371	cd23180
example_contig_1	pfam01690	2.501E-79	34.800	6096	4299	5747	pfam01690
example_contig_1	pfam02122	1.853E-63	8.700	6096	811	1419	pfam02122
example_contig_1	pfam02123	1.364E-58	8.200	6096	2091	3251	pfam02123
example_contig_1	pfam00894	6.580E-46	60.100	6096	3831	4244	pfam00894
example_contig_1	cd23184	1.680E-45	36.100	6096	2508	3221	cd23184
example_contig_1	pfam01659	7.244E-21	45.000	6096	3802	4107	pfam01659
example_contig_1	pfam04662	2.784E-17	16.900	6096	87	707	pfam04662
example_contig_2	cd01647	5.326E-41	33.500	6988	4877	5428	cd01647
example_contig_2	pfam07028	3.587E-29	33.000	6988	280	606	pfam07028
example_contig_2	cd03715	3.459E-13	23.200	6988	4820	5437	cd03715
example_contig_2	cd03714	4.732E-08	22.300	6988	5096	5437	cd03714
