Position in alignment, Recombination breakpoint clustering log(p-val) (200nt win), Upper 99% CI, Lower 99% CI, Upper 95% CI, Lower 95% CI
1,-0.5199931,-2,-2,-1.30103,-1.30103
3,-0.5003129,-2,2,-1.30103,1.30103
5,-0.5003129,-2,2,-1.30103,1.30103
7,-0.5142786,-2,2,-1.30103,1.30103
9,-0.5142786,-2,2,-1.30103,1.30103
11,-0.5142786,-2,2,-1.30103,1.30103
13,-0.5044557,-2,2,-1.30103,1.30103
15,-0.5044557,-2,2,-1.30103,1.30103
17,-0.4867824,-2,2,-1.30103,1.30103
19,-0.4867824,-2,2,-1.30103,1.30103
21,-0.4867824,-2,2,-1.30103,1.30103
23,-0.4749552,-2,2,-1.30103,1.30103
25,-0.4749552,-2,2,-1.30103,1.30103
27,-0.4814861,-2,2,-1.30103,1.30103
29,-0.4814861,-2,2,-1.30103,1.30103
31,-0.4989407,-2,2,-1.30103,1.30103
33,-0.5243288,-2,2,-1.30103,1.30103
35,-0.5243288,-2,2,-1.30103,1.30103
37,-0.5243288,-2,2,-1.30103,1.30103
39,-0.4921441,-2,2,-1.30103,1.30103
41,-0.4921441,-2,2,-1.30103,1.30103
43,-0.5086383,-2,2,-1.30103,1.30103
45,-0.4867824,-2,2,-1.30103,1.30103
47,-0.4867824,-2,2,-1.30103,1.30103
49,-0.4867824,-2,2,-1.30103,1.30103
51,-0.4867824,-2,2,-1.30103,1.30103
53,-0.446117,-2,2,-1.30103,1.30103
55,-0.446117,-2,2,-1.30103,1.30103
57,-0.4282912,-2,2,-1.30103,1.30103
59,-0.391474,-2,2,-1.30103,1.30103
61,-0.4067139,-2,2,-1.30103,1.30103
63,-0.3957739,-2,2,-1.30103,1.30103
65,-0.3957739,-2,2,-1.30103,1.30103
67,-0.3957739,-2,2,-1.30103,1.30103
69,-0.3957739,-2,2,-1.30103,1.30103
71,-0.3957739,-2,2,-1.30103,1.30103
73,0.5142786,-2,2,-1.30103,1.30103
75,0.5142786,-2,2,-1.30103,1.30103
77,0.5214335,-2,2,-1.30103,1.30103
79,0.5346171,-2,2,-1.30103,1.30103
81,0.5466816,-2,2,-1.30103,1.30103
83,0.5466816,-2,2,-1.30103,1.30103
85,0.5466816,-2,2,-1.30103,1.30103
87,0.5590909,-2,2,-1.30103,1.30103
89,0.5751184,-2,2,-1.30103,1.30103
91,0.5751184,-2,2,-1.30103,1.30103
93,0.5751184,-2,2,-1.30103,1.30103
95,0.5751184,-2,2,-1.30103,1.30103
97,0.5883803,-2,2,-1.30103,1.30103
99,0.5883803,-2,2,-1.30103,1.30103
101,0.5951663,-2,2,-1.30103,1.30103
103,0.5951663,-2,2,-1.30103,1.30103
105,0.5951663,-2,2,-1.30103,1.30103
107,0.5833595,-2,2,-1.30103,1.30103
109,0.5833595,-2,2,-1.30103,1.30103
111,0.5833595,-2,2,-1.30103,1.30103
113,0.6090649,-2,2,-1.30103,1.30103
115,0.6090649,-2,2,-1.30103,1.30103
117,0.6216021,-2,2,-1.30103,1.30103
119,0.6216021,-2,2,-1.30103,1.30103
121,0.6216021,-2,2,-1.30103,1.30103
123,0.6197888,-2,2,-1.30103,1.30103
125,0.6307842,-2,2,-1.30103,1.30103
127,0.627088,-2,2,-1.30103,1.30103
129,0.627088,-2,2,-1.30103,1.30103
131,0.627088,-2,2,-1.30103,1.30103
133,0.627088,-2,2,-1.30103,1.30103
135,0.627088,-2,2,-1.30103,1.30103
137,0.627088,-2,2,-1.30103,1.30103
139,0.627088,-2,2,-1.30103,1.30103
141,0.6382722,-2,2,-1.30103,1.30103
143,0.6382722,-2,2,-1.30103,1.30103
145,0.6382722,-2,2,-1.30103,1.30103
147,0.6382722,-2,2,-1.30103,1.30103
149,0.6382722,-2,2,-1.30103,1.30103
151,0.6382722,-2,2,-1.30103,1.30103
153,0.627088,-2,2,-1.30103,1.30103
155,0.6439741,-2,2,-1.30103,1.30103
157,0.6439741,-2,2,-1.30103,1.30103
159,0.6439741,-2,2,-1.30103,1.30103
161,0.6307842,-2,2,-1.30103,1.30103
163,0.617983,-2,2,-1.30103,1.30103
165,0.617983,-2,2,-1.30103,1.30103
167,0.617983,-2,2,-1.30103,1.30103
169,0.6090649,-2,2,-1.30103,1.30103
171,0.6090649,-2,2,-1.30103,1.30103
173,0.5951663,-2,2,-1.30103,1.30103
175,0.5951663,-2,2,-1.30103,1.30103
177,0.5951663,-2,2,-1.30103,1.30103
179,0.5951663,-2,2,-1.30103,1.30103
181,0.5816987,-2,2,-1.30103,1.30103
183,0.5816987,-2,2,-1.30103,1.30103
185,0.5816987,-2,2,-1.30103,1.30103
187,0.5816987,-2,2,-1.30103,1.30103
189,0.5850267,-2,2,-1.30103,1.30103
191,0.5850267,-2,2,-1.30103,1.30103
193,0.5934598,-2,2,-1.30103,1.30103
195,0.5934598,-2,2,-1.30103,1.30103
197,0.5934598,-2,2,-1.30103,1.30103
199,0.5934598,-2,2,-1.30103,1.30103
201,0.5816987,-2,2,-1.30103,1.30103
203,0.5816987,-2,2,-1.30103,1.30103
205,0.5686362,-2,2,-1.30103,1.30103
207,0.5751184,-2,2,-1.30103,1.30103
209,0.5751184,-2,2,-1.30103,1.30103
211,0.5883803,-2,2,-1.30103,1.30103
213,0.5850267,-2,2,-1.30103,1.30103
215,0.5850267,-2,2,-1.30103,1.30103
217,0.5850267,-2,2,-1.30103,1.30103
219,0.5816987,-2,2,-1.30103,1.30103
221,0.5816987,-2,2,-1.30103,1.30103
223,0.5816987,-2,2,-1.30103,1.30103
225,0.5654311,-2,2,-1.30103,1.30103
227,0.5850267,-2,2,-1.30103,1.30103
229,0.5783961,-2,2,-1.30103,1.30103
231,0.5783961,-2,2,-1.30103,1.30103
233,0.5783961,-2,2,-1.30103,1.30103
235,0.5783961,-2,2,-1.30103,1.30103
237,0.5783961,-2,2,-1.30103,1.30103
239,0.5590909,-2,2,-1.30103,1.30103
241,0.5590909,-2,2,-1.30103,1.30103
243,0.5718652,-2,2,-1.30103,1.30103
245,0.5718652,-2,2,-1.30103,1.30103
247,0.5590909,-2,2,-1.30103,1.30103
249,0.5686362,-2,2,-1.30103,1.30103
251,0.5686362,-2,2,-1.30103,1.30103
253,0.5654311,-2,2,-1.30103,1.30103
255,0.5497509,-2,2,-1.30103,1.30103
257,0.5497509,-2,2,-1.30103,1.30103
259,0.5228788,-2,2,-1.30103,1.30103
261,0.5142786,-2,2,-1.30103,1.30103
263,0.5257837,-2,2,-1.30103,1.30103
265,0.5199931,-2,2,-1.30103,1.30103
267,0.5466816,-2,2,-1.30103,1.30103
269,0.5466816,-2,2,-1.30103,1.30103
271,0.5466816,-2,2,-1.30103,1.30103
273,0.5622494,-2,2,-1.30103,1.30103
275,0.5622494,-2,2,-1.30103,1.30103
277,0.5622494,-2,2,-1.30103,1.30103
279,0.5559552,-2,2,-1.30103,1.30103
281,0.5316527,-2,2,-1.30103,1.30103
283,0.5316527,-2,2,-1.30103,1.30103
285,0.5316527,-2,2,-1.30103,1.30103
287,0.5316527,-2,2,-1.30103,1.30103
289,0.5199931,-2,2,-1.30103,1.30103
291,0.5058454,-2,2,-1.30103,1.30103
293,0.5058454,-2,2,-1.30103,1.30103
295,0.5058454,-2,2,-1.30103,1.30103
297,0.49485,-2,2,-1.30103,1.30103
299,0.49485,-2,2,-1.30103,1.30103
301,0.49485,-2,2,-1.30103,1.30103
303,0.489455,-2,2,-1.30103,1.30103
305,0.489455,-2,2,-1.30103,1.30103
307,0.489455,-2,2,-1.30103,1.30103
309,0.489455,-2,2,-1.30103,1.30103
311,0.489455,-2,2,-1.30103,1.30103
313,0.4788619,-2,2,-1.30103,1.30103
315,0.4685211,-2,2,-1.30103,1.30103
317,0.4609239,-2,2,-1.30103,1.30103
319,0.4609239,-2,2,-1.30103,1.30103
321,0.4609239,-2,2,-1.30103,1.30103
323,0.4509967,-2,2,-1.30103,1.30103
325,0.4436975,-2,2,-1.30103,1.30103
327,0.4436975,-2,2,-1.30103,1.30103
329,0.4436975,-2,2,-1.30103,1.30103
331,0.4436975,-2,2,-1.30103,1.30103
333,0.4436975,-2,2,-1.30103,1.30103
335,0.4522253,-2,2,-1.30103,1.30103
337,0.4522253,-2,2,-1.30103,1.30103
339,0.4522253,-2,2,-1.30103,1.30103
341,0.4522253,-2,2,-1.30103,1.30103
343,0.4449055,-2,2,-1.30103,1.30103
345,0.4449055,-2,2,-1.30103,1.30103
347,0.4449055,-2,2,-1.30103,1.30103
349,0.4509967,-2,2,-1.30103,1.30103
351,0.4509967,-2,2,-1.30103,1.30103
353,0.4509967,-2,2,-1.30103,1.30103
355,0.4412914,-2,2,-1.30103,1.30103
357,0.4412914,-2,2,-1.30103,1.30103
359,0.446117,-2,2,-1.30103,1.30103
361,0.446117,-2,2,-1.30103,1.30103
363,0.446117,-2,2,-1.30103,1.30103
365,0.4546929,-2,2,-1.30103,1.30103
367,0.4546929,-2,2,-1.30103,1.30103
369,0.4546929,-2,2,-1.30103,1.30103
371,0.4546929,-2,2,-1.30103,1.30103
373,0.4546929,-2,2,-1.30103,1.30103
375,0.4546929,-2,2,-1.30103,1.30103
377,0.4546929,-2,2,-1.30103,1.30103
379,0.4546929,-2,2,-1.30103,1.30103
381,0.446117,-2,2,-1.30103,1.30103
383,0.446117,-2,2,-1.30103,1.30103
385,0.446117,-2,2,-1.30103,1.30103
387,0.446117,-2,2,-1.30103,1.30103
389,0.446117,-2,2,-1.30103,1.30103
391,0.4436975,-2,2,-1.30103,1.30103
393,0.4436975,-2,2,-1.30103,1.30103
395,0.446117,-2,2,-1.30103,1.30103
397,0.4546929,-2,2,-1.30103,1.30103
399,0.4546929,-2,2,-1.30103,1.30103
401,0.4546929,-2,2,-1.30103,1.30103
403,0.4546929,-2,2,-1.30103,1.30103
405,0.4546929,-2,2,-1.30103,1.30103
407,0.4497716,-2,2,-1.30103,1.30103
409,0.4497716,-2,2,-1.30103,1.30103
411,0.4497716,-2,2,-1.30103,1.30103
413,0.4400934,-2,2,-1.30103,1.30103
415,0.4317983,-2,2,-1.30103,1.30103
417,0.4412914,-2,2,-1.30103,1.30103
419,0.4412914,-2,2,-1.30103,1.30103
421,0.4353339,-2,2,-1.30103,1.30103
423,0.4353339,-2,2,-1.30103,1.30103
425,0.4353339,-2,2,-1.30103,1.30103
427,0.4294571,-2,2,-1.30103,1.30103
429,0.4225082,-2,2,-1.30103,1.30103
431,0.4225082,-2,2,-1.30103,1.30103
433,0.4225082,-2,2,-1.30103,1.30103
435,0.4225082,-2,2,-1.30103,1.30103
437,0.4271284,-2,2,-1.30103,1.30103
439,0.4271284,-2,2,-1.30103,1.30103
441,0.4271284,-2,2,-1.30103,1.30103
443,-0.6252517,-2,2,-1.30103,1.30103
445,-0.6252517,-2,2,-1.30103,1.30103
447,-0.6252517,-2,2,-1.30103,1.30103
449,-0.6055483,-2,2,-1.30103,1.30103
451,-0.627088,-2,2,-1.30103,1.30103
453,-0.6458915,-2,2,-1.30103,1.30103
455,-0.6458915,-2,2,-1.30103,1.30103
457,-0.6458915,-2,2,-1.30103,1.30103
459,-0.6458915,-2,2,-1.30103,1.30103
461,-0.6458915,-2,2,-1.30103,1.30103
463,-0.6458915,-2,2,-1.30103,1.30103
465,-0.6777807,-2,2,-1.30103,1.30103
467,-0.7121983,-2,2,-1.30103,1.30103
469,-0.7594507,-2,2,-1.30103,1.30103
471,-0.7594507,-2,2,-1.30103,1.30103
473,-0.7189666,-2,2,-1.30103,1.30103
475,-0.7721133,-2,2,-1.30103,1.30103
477,-0.7721133,-2,2,-1.30103,1.30103
479,-0.7351822,-2,2,-1.30103,1.30103
481,-0.7351822,-2,2,-1.30103,1.30103
483,-0.7351822,-2,2,-1.30103,1.30103
485,-0.7351822,-2,2,-1.30103,1.30103
487,-0.7351822,-2,2,-1.30103,1.30103
489,-0.7351822,-2,2,-1.30103,1.30103
491,-0.7351822,-2,2,-1.30103,1.30103
493,-0.7011469,-2,2,-1.30103,1.30103
495,-0.7011469,-2,2,-1.30103,1.30103
497,-0.7011469,-2,2,-1.30103,1.30103
499,-0.7011469,-2,2,-1.30103,1.30103
501,-0.6655462,-2,2,-1.30103,1.30103
503,-0.6655462,-2,2,-1.30103,1.30103
505,-0.6655462,-2,2,-1.30103,1.30103
507,-0.6655462,-2,2,-1.30103,1.30103
509,-0.636388,-2,2,-1.30103,1.30103
511,-0.636388,-2,2,-1.30103,1.30103
513,-0.636388,-2,2,-1.30103,1.30103
515,-0.636388,-2,2,-1.30103,1.30103
517,-0.607303,-2,2,-1.30103,1.30103
519,-0.607303,-2,2,-1.30103,1.30103
521,-0.607303,-2,2,-1.30103,1.30103
523,-0.607303,-2,2,-1.30103,1.30103
525,-0.607303,-2,2,-1.30103,1.30103
527,-0.5900669,-2,2,-1.30103,1.30103
529,-0.6143937,-2,2,-1.30103,1.30103
531,-0.6143937,-2,2,-1.30103,1.30103
533,-0.6143937,-2,2,-1.30103,1.30103
535,-0.6090649,-2,2,-1.30103,1.30103
537,-0.6090649,-2,2,-1.30103,1.30103
539,-0.6090649,-2,2,-1.30103,1.30103
541,-0.6090649,-2,2,-1.30103,1.30103
543,-0.6090649,-2,2,-1.30103,1.30103
545,-0.6090649,-2,2,-1.30103,1.30103
547,-0.6090649,-2,2,-1.30103,1.30103
549,-0.5985994,-2,2,-1.30103,1.30103
551,-0.5985994,-2,2,-1.30103,1.30103
553,-0.6252517,-2,2,-1.30103,1.30103
555,-0.6252517,-2,2,-1.30103,1.30103
557,-0.6252517,-2,2,-1.30103,1.30103
559,-0.6252517,-2,2,-1.30103,1.30103
561,-0.6420652,-2,2,-1.30103,1.30103
563,-0.6161847,-2,2,-1.30103,1.30103
565,-0.60206,-2,2,-1.30103,1.30103
567,-0.6038007,-2,2,-1.30103,1.30103
569,-0.6038007,-2,2,-1.30103,1.30103
571,-0.6038007,-2,2,-1.30103,1.30103
573,-0.6038007,-2,2,-1.30103,1.30103
575,-0.6038007,-2,2,-1.30103,1.30103
577,-0.6038007,-2,2,-1.30103,1.30103
579,-0.6038007,-2,2,-1.30103,1.30103
581,-0.6038007,-2,2,-1.30103,1.30103
583,-0.6038007,-2,2,-1.30103,1.30103
585,-0.6038007,-2,2,-1.30103,1.30103
587,-0.6038007,-2,2,-1.30103,1.30103
589,-0.6038007,-2,2,-1.30103,1.30103
591,-0.6252517,-2,2,-1.30103,1.30103
593,-0.6252517,-2,2,-1.30103,1.30103
595,-0.6252517,-2,2,-1.30103,1.30103
597,-0.6516951,-2,2,-1.30103,1.30103
599,-0.6798537,-2,2,-1.30103,1.30103
601,-0.6516951,-2,2,-1.30103,1.30103
603,-0.6161847,-2,2,-1.30103,1.30103
605,-0.6161847,-2,2,-1.30103,1.30103
607,-0.6161847,-2,2,-1.30103,1.30103
609,-0.6161847,-2,2,-1.30103,1.30103
611,-0.6161847,-2,2,-1.30103,1.30103
613,-0.6161847,-2,2,-1.30103,1.30103
615,-0.6161847,-2,2,-1.30103,1.30103
617,-0.6161847,-2,2,-1.30103,1.30103
619,-0.6458915,-2,2,-1.30103,1.30103
621,-0.6458915,-2,2,-1.30103,1.30103
623,-0.6458915,-2,2,-1.30103,1.30103
625,-0.6458915,-2,2,-1.30103,1.30103
627,-0.6458915,-2,2,-1.30103,1.30103
629,-0.6458915,-2,2,-1.30103,1.30103
631,-0.6458915,-2,2,-1.30103,1.30103
633,-0.6458915,-2,2,-1.30103,1.30103
635,-0.617983,-2,2,-1.30103,1.30103
637,-0.59176,-2,2,-1.30103,1.30103
639,-0.59176,-2,2,-1.30103,1.30103
641,-0.59176,-2,2,-1.30103,1.30103
643,0.4294571,-2,2,-1.30103,1.30103
645,0.4294571,-2,2,-1.30103,1.30103
647,0.4294571,-2,2,-1.30103,1.30103
649,0.4225082,-2,2,-1.30103,1.30103
651,0.4225082,-2,2,-1.30103,1.30103
653,0.4225082,-2,2,-1.30103,1.30103
655,0.4294571,-2,2,-1.30103,1.30103
657,0.4294571,-2,2,-1.30103,1.30103
659,0.4294571,-2,2,-1.30103,1.30103
661,0.4294571,-2,2,-1.30103,1.30103
663,0.4294571,-2,2,-1.30103,1.30103
665,0.4400934,-2,2,-1.30103,1.30103
667,0.4400934,-2,2,-1.30103,1.30103
669,0.4400934,-2,2,-1.30103,1.30103
671,0.44855,-2,2,-1.30103,1.30103
673,0.4388986,-2,2,-1.30103,1.30103
675,0.44855,-2,2,-1.30103,1.30103
677,0.4672456,-2,2,-1.30103,1.30103
679,0.4672456,-2,2,-1.30103,1.30103
681,0.4685211,-2,2,-1.30103,1.30103
683,0.4685211,-2,2,-1.30103,1.30103
685,0.4685211,-2,2,-1.30103,1.30103
687,0.4685211,-2,2,-1.30103,1.30103
689,0.4685211,-2,2,-1.30103,1.30103
691,0.4685211,-2,2,-1.30103,1.30103
693,0.4685211,-2,2,-1.30103,1.30103
695,0.4685211,-2,2,-1.30103,1.30103
697,0.4788619,-2,2,-1.30103,1.30103
699,0.4788619,-2,2,-1.30103,1.30103
701,0.4788619,-2,2,-1.30103,1.30103
703,0.4685211,-2,2,-1.30103,1.30103
705,0.4685211,-2,2,-1.30103,1.30103
707,0.4685211,-2,2,-1.30103,1.30103
709,0.4685211,-2,2,-1.30103,1.30103
711,0.4659739,-2,2,-1.30103,1.30103
713,0.4762535,-2,2,-1.30103,1.30103
715,0.4762535,-2,2,-1.30103,1.30103
717,0.4659739,-2,2,-1.30103,1.30103
719,0.4659739,-2,2,-1.30103,1.30103
721,0.4659739,-2,2,-1.30103,1.30103
723,0.4854522,-2,2,-1.30103,1.30103
725,0.4854522,-2,2,-1.30103,1.30103
727,0.4788619,-2,2,-1.30103,1.30103
729,0.4788619,-2,2,-1.30103,1.30103
731,0.4788619,-2,2,-1.30103,1.30103
733,0.4788619,-2,2,-1.30103,1.30103
735,0.4867824,-2,2,-1.30103,1.30103
737,0.4762535,-2,2,-1.30103,1.30103
739,0.4762535,-2,2,-1.30103,1.30103
741,0.4762535,-2,2,-1.30103,1.30103
743,0.4762535,-2,2,-1.30103,1.30103
745,0.4762535,-2,2,-1.30103,1.30103
747,0.4867824,-2,2,-1.30103,1.30103
749,0.4762535,-2,2,-1.30103,1.30103
751,0.4762535,-2,2,-1.30103,1.30103
753,0.4867824,-2,2,-1.30103,1.30103
755,0.4867824,-2,2,-1.30103,1.30103
757,0.4867824,-2,2,-1.30103,1.30103
759,0.4867824,-2,2,-1.30103,1.30103
761,0.4867824,-2,2,-1.30103,1.30103
763,0.4867824,-2,2,-1.30103,1.30103
765,0.4775558,-2,2,-1.30103,1.30103
767,0.4634416,-2,2,-1.30103,1.30103
769,0.4723701,-2,2,-1.30103,1.30103
771,0.4723701,-2,2,-1.30103,1.30103
773,0.4723701,-2,2,-1.30103,1.30103
775,0.4723701,-2,2,-1.30103,1.30103
777,0.4788619,-2,2,-1.30103,1.30103
779,0.4788619,-2,2,-1.30103,1.30103
781,0.4881167,-2,2,-1.30103,1.30103
783,0.4881167,-2,2,-1.30103,1.30103
785,0.4989407,-2,2,-1.30103,1.30103
787,0.4989407,-2,2,-1.30103,1.30103
789,0.4989407,-2,2,-1.30103,1.30103
791,0.4989407,-2,2,-1.30103,1.30103
793,0.4989407,-2,2,-1.30103,1.30103
795,0.4989407,-2,2,-1.30103,1.30103
797,0.5086383,-2,2,-1.30103,1.30103
799,0.5086383,-2,2,-1.30103,1.30103
801,0.5058454,-2,2,-1.30103,1.30103
803,0.5058454,-2,2,-1.30103,1.30103
805,0.493495,-2,2,-1.30103,1.30103
807,0.493495,-2,2,-1.30103,1.30103
809,0.493495,-2,2,-1.30103,1.30103
811,0.5030704,-2,2,-1.30103,1.30103
813,0.5030704,-2,2,-1.30103,1.30103
815,0.5030704,-2,2,-1.30103,1.30103
817,0.5030704,-2,2,-1.30103,1.30103
819,0.5030704,-2,2,-1.30103,1.30103
821,0.5157002,-2,2,-1.30103,1.30103
823,0.5346171,-2,2,-1.30103,1.30103
825,0.5346171,-2,2,-1.30103,1.30103
827,0.5346171,-2,2,-1.30103,1.30103
829,0.5346171,-2,2,-1.30103,1.30103
831,0.5346171,-2,2,-1.30103,1.30103
833,0.5346171,-2,2,-1.30103,1.30103
835,0.5228788,-2,2,-1.30103,1.30103
837,0.5171264,-2,2,-1.30103,1.30103
839,0.5171264,-2,2,-1.30103,1.30103
841,0.5171264,-2,2,-1.30103,1.30103
843,0.5171264,-2,2,-1.30103,1.30103
845,0.5171264,-2,2,-1.30103,1.30103
847,0.5287083,-2,2,-1.30103,1.30103
849,0.536107,-2,2,-1.30103,1.30103
851,0.5482135,-2,2,-1.30103,1.30103
853,0.5482135,-2,2,-1.30103,1.30103
855,0.5406075,-2,2,-1.30103,1.30103
857,0.5406075,-2,2,-1.30103,1.30103
859,0.5406075,-2,2,-1.30103,1.30103
861,0.5406075,-2,2,-1.30103,1.30103
863,0.552842,-2,2,-1.30103,1.30103
865,0.537602,-2,2,-1.30103,1.30103
867,0.537602,-2,2,-1.30103,1.30103
869,0.537602,-2,2,-1.30103,1.30103
871,0.5466816,-2,2,-1.30103,1.30103
873,0.536107,-2,2,-1.30103,1.30103
875,0.536107,-2,2,-1.30103,1.30103
877,0.5257837,-2,2,-1.30103,1.30103
879,0.5228788,-2,2,-1.30103,1.30103
881,0.5086383,-2,2,-1.30103,1.30103
883,0.5086383,-2,2,-1.30103,1.30103
885,0.5199931,-2,2,-1.30103,1.30103
887,0.5199931,-2,2,-1.30103,1.30103
889,0.5199931,-2,2,-1.30103,1.30103
891,0.5199931,-2,2,-1.30103,1.30103
893,0.5287083,-2,2,-1.30103,1.30103
895,0.5185574,-2,2,-1.30103,1.30103
897,0.5185574,-2,2,-1.30103,1.30103
899,0.5058454,-2,2,-1.30103,1.30103
901,0.5058454,-2,2,-1.30103,1.30103
903,0.5058454,-2,2,-1.30103,1.30103
905,0.5058454,-2,2,-1.30103,1.30103
907,0.5058454,-2,2,-1.30103,1.30103
909,0.5058454,-2,2,-1.30103,1.30103
911,0.4975729,-2,2,-1.30103,1.30103
913,0.4975729,-2,2,-1.30103,1.30103
915,0.4867824,-2,2,-1.30103,1.30103
917,0.4975729,-2,2,-1.30103,1.30103
919,0.4975729,-2,2,-1.30103,1.30103
921,0.5086383,-2,2,-1.30103,1.30103
923,0.4989407,-2,2,-1.30103,1.30103
925,0.4881167,-2,2,-1.30103,1.30103
927,0.4881167,-2,2,-1.30103,1.30103
929,0.4881167,-2,2,-1.30103,1.30103
931,0.4881167,-2,2,-1.30103,1.30103
933,0.5030704,-2,2,-1.30103,1.30103
935,0.5030704,-2,2,-1.30103,1.30103
937,0.49485,-2,2,-1.30103,1.30103
939,0.49485,-2,2,-1.30103,1.30103
941,0.49485,-2,2,-1.30103,1.30103
943,0.49485,-2,2,-1.30103,1.30103
945,0.49485,-2,2,-1.30103,1.30103
947,0.4828041,-2,2,-1.30103,1.30103
949,0.4828041,-2,2,-1.30103,1.30103
951,0.4828041,-2,2,-1.30103,1.30103
953,0.4921441,-2,2,-1.30103,1.30103
955,0.4814861,-2,2,-1.30103,1.30103
957,0.489455,-2,2,-1.30103,1.30103
959,0.489455,-2,2,-1.30103,1.30103
961,0.5044557,-2,2,-1.30103,1.30103
963,0.5044557,-2,2,-1.30103,1.30103
965,0.5044557,-2,2,-1.30103,1.30103
967,0.5044557,-2,2,-1.30103,1.30103
969,0.5044557,-2,2,-1.30103,1.30103
971,0.49485,-2,2,-1.30103,1.30103
973,0.49485,-2,2,-1.30103,1.30103
975,0.49485,-2,2,-1.30103,1.30103
977,0.49485,-2,2,-1.30103,1.30103
979,0.489455,-2,2,-1.30103,1.30103
981,0.489455,-2,2,-1.30103,1.30103
983,0.489455,-2,2,-1.30103,1.30103
985,0.4788619,-2,2,-1.30103,1.30103
987,0.4788619,-2,2,-1.30103,1.30103
989,0.4881167,-2,2,-1.30103,1.30103
991,0.4881167,-2,2,-1.30103,1.30103
993,0.4881167,-2,2,-1.30103,1.30103
995,0.4881167,-2,2,-1.30103,1.30103
997,0.4788619,-2,2,-1.30103,1.30103
999,0.4788619,-2,2,-1.30103,1.30103
1001,0.4710833,-2,2,-1.30103,1.30103
1003,0.4710833,-2,2,-1.30103,1.30103
1005,0.4788619,-2,2,-1.30103,1.30103
1007,0.4788619,-2,2,-1.30103,1.30103
1009,0.4788619,-2,2,-1.30103,1.30103
1011,0.4867824,-2,2,-1.30103,1.30103
1013,0.4788619,-2,2,-1.30103,1.30103
1015,0.4788619,-2,2,-1.30103,1.30103
1017,0.4788619,-2,2,-1.30103,1.30103
1019,0.4788619,-2,2,-1.30103,1.30103
1021,0.4788619,-2,2,-1.30103,1.30103
1023,0.4609239,-2,2,-1.30103,1.30103
1025,0.455932,-2,2,-1.30103,1.30103
1027,0.4634416,-2,2,-1.30103,1.30103
1029,0.4723701,-2,2,-1.30103,1.30103
1031,0.4841262,-2,2,-1.30103,1.30103
1033,0.4841262,-2,2,-1.30103,1.30103
1035,0.4841262,-2,2,-1.30103,1.30103
1037,0.4841262,-2,2,-1.30103,1.30103
1039,0.4762535,-2,2,-1.30103,1.30103
1041,0.4762535,-2,2,-1.30103,1.30103
1043,0.4841262,-2,2,-1.30103,1.30103
1045,0.4841262,-2,2,-1.30103,1.30103
1047,0.4841262,-2,2,-1.30103,1.30103
1049,0.4736607,-2,2,-1.30103,1.30103
1051,0.455932,-2,2,-1.30103,1.30103
1053,0.455932,-2,2,-1.30103,1.30103
1055,0.455932,-2,2,-1.30103,1.30103
1057,0.455932,-2,2,-1.30103,1.30103
1059,0.4647059,-2,2,-1.30103,1.30103
1061,0.4647059,-2,2,-1.30103,1.30103
1063,0.4647059,-2,2,-1.30103,1.30103
1065,0.4546929,-2,2,-1.30103,1.30103
1067,0.4546929,-2,2,-1.30103,1.30103
1069,0.4546929,-2,2,-1.30103,1.30103
1071,0.4634416,-2,2,-1.30103,1.30103
1073,-0.5243288,-2,2,-1.30103,1.30103
1075,-0.5243288,-2,2,-1.30103,1.30103
1077,-0.537602,-2,2,-1.30103,1.30103
1079,-0.5497509,-2,2,-1.30103,1.30103
1081,-0.5654311,-2,2,-1.30103,1.30103
1083,-0.5654311,-2,2,-1.30103,1.30103
1085,-0.5883803,-2,2,-1.30103,1.30103
1087,-0.5883803,-2,2,-1.30103,1.30103
1089,-0.5883803,-2,2,-1.30103,1.30103
1091,-0.5883803,-2,2,-1.30103,1.30103
1093,-0.5883803,-2,2,-1.30103,1.30103
1095,-0.6090649,-2,2,-1.30103,1.30103
1097,-0.6090649,-2,2,-1.30103,1.30103
1099,-0.6090649,-2,2,-1.30103,1.30103
1101,-0.6090649,-2,2,-1.30103,1.30103
1103,-0.6090649,-2,2,-1.30103,1.30103
1105,-0.5867003,-2,2,-1.30103,1.30103
1107,-0.5867003,-2,2,-1.30103,1.30103
1109,-0.5867003,-2,2,-1.30103,1.30103
1111,-0.5867003,-2,2,-1.30103,1.30103
1113,-0.5867003,-2,2,-1.30103,1.30103
1115,-0.5867003,-2,2,-1.30103,1.30103
1117,-0.5867003,-2,2,-1.30103,1.30103
1119,-0.6108339,-2,2,-1.30103,1.30103
1121,-0.6108339,-2,2,-1.30103,1.30103
1123,-0.6108339,-2,2,-1.30103,1.30103
1125,-0.6108339,-2,2,-1.30103,1.30103
1127,-0.5816987,-2,2,-1.30103,1.30103
1129,-0.5816987,-2,2,-1.30103,1.30103
1131,-0.5816987,-2,2,-1.30103,1.30103
1133,-0.617983,-2,2,-1.30103,1.30103
1135,-0.617983,-2,2,-1.30103,1.30103
1137,-0.617983,-2,2,-1.30103,1.30103
1139,-0.617983,-2,2,-1.30103,1.30103
1141,-0.617983,-2,2,-1.30103,1.30103
1143,-0.617983,-2,2,-1.30103,1.30103
1145,-0.617983,-2,2,-1.30103,1.30103
1147,-0.5900669,-2,2,-1.30103,1.30103
1149,-0.5900669,-2,2,-1.30103,1.30103
1151,-0.5900669,-2,2,-1.30103,1.30103
1153,-0.5702477,-2,2,-1.30103,1.30103
1155,-0.5951663,-2,2,-1.30103,1.30103
1157,-0.617983,-2,2,-1.30103,1.30103
1159,-0.617983,-2,2,-1.30103,1.30103
1161,-0.6055483,-2,2,-1.30103,1.30103
1163,-0.6055483,-2,2,-1.30103,1.30103
1165,-0.6055483,-2,2,-1.30103,1.30103
1167,-0.6055483,-2,2,-1.30103,1.30103
1169,-0.5883803,-2,2,-1.30103,1.30103
1171,-0.5883803,-2,2,-1.30103,1.30103
1173,-0.5606673,-2,2,-1.30103,1.30103
1175,-0.5606673,-2,2,-1.30103,1.30103
1177,-0.5421181,-2,2,-1.30103,1.30103
1179,-0.5421181,-2,2,-1.30103,1.30103
1181,-0.5185574,-2,2,-1.30103,1.30103
1183,-0.5185574,-2,2,-1.30103,1.30103
1185,-0.5391021,-2,2,-1.30103,1.30103
1187,-0.5391021,-2,2,-1.30103,1.30103
1189,-0.5421181,-2,2,-1.30103,1.30103
1191,-0.5421181,-2,2,-1.30103,1.30103
1193,-0.5421181,-2,2,-1.30103,1.30103
1195,-0.5421181,-2,2,-1.30103,1.30103
1197,-0.5421181,-2,2,-1.30103,1.30103
1199,-0.5421181,-2,2,-1.30103,1.30103
