Position in alignment, Recombination breakpoint number (200nt win), Upper 99% CI, Lower 99% CI, Upper 95% CI, Lower 95% CI
1,0.562234,0.8284714,0.8284714,0.8272454,0.8272454
3,0.562234,0.8287421,0,0.8272454,0
5,0.562234,0.8287421,0,0.8272454,0
7,0.562234,0.8287421,0,0.8272454,0
9,0.562234,0.8287421,0,0.8272454,0
11,0.562234,0.8287421,0,0.8272454,0
13,0.562234,0.8288019,0,0.8272454,0
15,0.562234,0.8288019,0,0.8280362,0
17,0.562234,0.8288308,0,0.8284714,0
19,0.562234,0.8288308,0,0.8284714,0
21,0.562234,0.8288308,0,0.8284714,0
23,0.562234,0.8288308,0,0.8287421,0
25,0.562234,0.8288308,0,0.8287421,0
27,0.562234,0.8288308,0,0.8288019,0
29,0.562234,0.8288308,0,0.8288019,0
31,0.5618187,0.8288308,0,0.8288019,0
33,0.5617875,0.8288308,0,0.8288019,0
35,0.5617564,0.8288308,0,0.8288019,0
37,0.5617253,0.8288308,0,0.8288019,0
39,0.5616942,0.8288308,0,0.8288019,0
41,0.5616631,0.8288308,0,0.8288019,0
43,0.5616068,0.8288308,0,0.8288019,0
45,0.5615253,0.8288308,0,0.8288308,0
47,0.5614439,0.8288308,0,0.8288308,0
49,0.5613624,0.8288308,0,0.8288308,0
51,0.561281,0.8288308,0,0.8288308,0
53,0.5611995,0.8288308,0,0.8288308,0
55,0.5611181,0.8288308,0,0.8288308,0
57,0.5610366,0.8288308,0,0.8288308,0
59,0.5609552,0.8288308,0,0.8288308,0
61,0.5592928,0.8288308,0,0.8288308,0
63,0.5576304,0.8288308,0,0.8288308,0
65,0.555968,0.8288308,0,0.8288308,0
67,0.5543057,0.8288308,0,0.8288308,0
69,0.5526433,0.8288308,0,0.8288308,0
71,0.5509809,0.8288308,0,0.8288308,0
73,0.5509809,0.8288308,0,0.8288308,0
75,0.5509809,0.8288308,0,0.8288308,0
77,0.5509809,0.8288308,0,0.8288308,0
79,0.5509809,0.8288308,0,0.8288308,0
81,0.5509809,0.8288308,0,0.8288308,0
83,0.5509809,0.8288308,0,0.8288308,0
85,0.5509809,0.8288308,0,0.8288308,0
87,0.5509809,0.8288308,0,0.8288308,0
89,0.5509809,0.8288308,0,0.8288308,0
91,0.5509809,0.8288308,0,0.8288308,0
93,0.5509809,0.8288308,0,0.8288308,0
95,0.5509809,0.8288308,0,0.8288308,0
97,0.5509809,0.8288308,0,0.8288308,0
99,0.5509809,0.8288308,0,0.8288308,0
101,0.5509809,0.8288308,0,0.8288308,0
103,0.3480026,0.8288308,0,0.8288308,0
105,0.1450243,0.8288308,0,0.8288308,0
107,0.1268962,0.8288308,0,0.8288308,0
109,0.1087682,0.8288308,0,0.8288308,0
111,9.064017E-02,0.8288308,0,0.8288308,0
113,7.251213E-02,0.8288308,0,0.8288308,0
115,0.0543841,0.8288308,0,0.8288308,0
117,3.625607E-02,0.8288308,0,0.8288308,0
119,1.812803E-02,0.8288308,0,0.8288308,0
121,0,0.8288308,0,0.8288308,0
123,0,0.8288308,0,0.8288308,0
125,0,0.8288308,0,0.8288308,0
127,0,0.8288308,0,0.8288308,0
129,0,0.8288308,0,0.8288308,0
131,0,0.8288308,0,0.8288308,0
133,0,0.8288308,0,0.8288308,0
135,0,0.8288308,0,0.8288308,0
137,0,0.8288308,0,0.8288308,0
139,0,0.8288308,0,0.8288308,0
141,0,0.8288308,0,0.8288308,0
143,0,0.8288308,0,0.8288308,0
145,0,0.8288308,0,0.8288308,0
147,0,0.8288308,0,0.8288308,0
149,0,0.8288308,0,0.8288308,0
151,0,0.8288308,0,0.8288308,0
153,0,0.8288308,0,0.8288308,0
155,0,0.8288308,0,0.8288308,0
157,0,0.8288308,0,0.8288308,0
159,0,0.8288308,0,0.8288308,0
161,0,0.8288308,0,0.8288308,0
163,0,0.8288308,0,0.8288308,0
165,0,0.8288308,0,0.8288308,0
167,0,0.8288308,0,0.8288308,0
169,0,0.8288308,0,0.8288308,0
171,0,0.8288308,0,0.8288308,0
173,0,0.8288308,0,0.8288308,0
175,0,0.8288308,0,0.8288308,0
177,0,0.8288308,0,0.8288308,0
179,0,0.8288308,0,0.8288308,0
181,0,0.8288308,0,0.8288308,0
183,0,0.8288308,0,0.8288308,0
185,0,0.8288308,0,0.8288308,0
187,0,0.8288308,0,0.8288308,0
189,0,0.8288308,0,0.8288308,0
191,0,0.8288308,0,0.8288308,0
193,0,0.8288308,0,0.8288308,0
195,0,0.8288308,0,0.8288308,0
197,0,0.8288308,0,0.8288308,0
199,0,0.8288308,0,0.8288308,0
201,0,0.8288308,0,0.8288308,0
203,0,0.8288308,0,0.8288308,0
205,0,0.8288308,0,0.8288308,0
207,0,0.8288308,0,0.8288308,0
209,0,0.8288308,0,0.8288308,0
211,0,0.8288308,0,0.8288308,0
213,0,0.8288308,0,0.8288308,0
215,0,0.8288308,0,0.8288308,0
217,0,0.8288308,0,0.8288308,0
219,0,0.8288308,0,0.8288308,0
221,0,0.8288308,0,0.8288308,0
223,0,0.8288308,0,0.8288308,0
225,0,0.8288308,0,0.8288308,0
227,0,0.8288308,0,0.8288308,0
229,0,0.8288308,0,0.8288308,0
231,0,0.8288308,0,0.8288308,0
233,0,0.8288308,0,0.8288308,0
235,0,0.8288308,0,0.8288308,0
237,0,0.8288308,0,0.8288308,0
239,0,0.8288308,0,0.8288308,0
241,0,0.8288308,0,0.8288308,0
243,0,0.8288308,0,0.8288308,0
245,0,0.8288308,0,0.8288308,0
247,0,0.8288308,0,0.8288308,0
249,0,0.8288308,0,0.8288308,0
251,0,0.8288308,0,0.8288308,0
253,0,0.8288308,0,0.8288308,0
255,0,0.8288308,0,0.8288308,0
257,0,0.8288308,0,0.8288308,0
259,0,0.8288308,0,0.8288308,0
261,0,0.8288308,0,0.8288308,0
263,0,0.8288308,0,0.8288308,0
265,0,0.8288308,0,0.8288308,0
267,0,0.8288308,0,0.8288308,0
269,0,0.8288308,0,0.8288308,0
271,0,0.8288308,0,0.8288308,0
273,0,0.8288308,0,0.8288308,0
275,0,0.8288308,0,0.8288308,0
277,0,0.8288308,0,0.8288308,0
279,0,0.8288308,0,0.8288308,0
281,0,0.8288308,0,0.8288308,0
283,0,0.8288308,0,0.8288308,0
285,0,0.8288308,0,0.8288308,0
287,0,0.8288308,0,0.8288308,0
289,0,0.8288308,0,0.8288308,0
291,0,0.8288308,0,0.8288308,0
293,0,0.8288308,0,0.8288308,0
295,0,0.8288308,0,0.8288308,0
297,0,0.8288308,0,0.8288308,0
299,0,0.8288308,0,0.8288308,0
301,0,0.8288308,0,0.8288308,0
303,0,0.8288308,0,0.8288308,0
305,0,0.8288308,0,0.8288308,0
307,0,0.8288308,0,0.8288308,0
309,0,0.8288308,0,0.8288308,0
311,0,0.8288308,0,0.8288308,0
313,0,0.8288308,0,0.8288308,0
315,0,0.8288308,0,0.8288308,0
317,0,0.8288308,0,0.8288308,0
319,0,0.8288308,0,0.8288308,0
321,0,0.8288308,0,0.8288308,0
323,0,0.8288308,0,0.8288308,0
325,0,0.8288308,0,0.8288308,0
327,0,0.8288308,0,0.8288289,0
329,0,0.8288308,0,0.8288251,0
331,0,0.8288308,0,0.8288212,0
333,0,0.8288308,0,0.8288173,0
335,0,0.8288308,0,0.8288308,0
337,0,0.8288308,0,0.8288308,0
339,0,0.8288308,0,0.8288308,0
341,0,0.8288308,0,0.8288308,0
343,0,0.8288308,0,0.8288308,0
345,0,0.8288308,0,0.8288308,0
347,0,0.8288308,0,0.8288308,0
349,0,0.8288308,0,0.8288308,0
351,0,0.8288308,0,0.8288308,0
353,0,0.8288308,0,0.8288308,0
355,0,0.8288308,0,0.8288308,0
357,0,0.8288308,0,0.8288308,0
359,0,0.8288308,0,0.8288308,0
361,9.647063E-06,0.8288308,0,0.8288308,0
363,1.929413E-05,0.8288308,0,0.8288308,0
365,2.894119E-05,0.8288308,0,0.8288308,0
367,3.604181E-05,0.8288308,0,0.8288308,0
369,4.314244E-05,0.8288308,0,0.8288308,0
371,5.024306E-05,0.8288308,0,0.8288308,0
373,5.734368E-05,0.8288308,0,0.8288308,0
375,6.444431E-05,0.8288308,0,0.8288308,0
377,7.154494E-05,0.8288308,0,0.8288308,0
379,7.864556E-05,0.8288308,0,0.8288308,0
381,8.574618E-05,0.8288308,0,0.8288308,0
383,9.284681E-05,0.8288308,0,0.8288308,0
385,9.994743E-05,0.8288308,0,0.8288308,0
387,1.070481E-04,0.8288308,0,0.8288308,0
389,1.141487E-04,0.8288308,0,0.8288308,0
391,1.895756E-04,0.8288308,0,0.8288308,0
393,3.333287E-04,0.8288308,0,0.8288308,0
395,4.770818E-04,0.8288308,0,0.8288308,0
397,2.062541E-03,0.8288308,0,0.8288308,0
399,2.780116E-03,0.8288308,0,0.8288308,0
401,3.497691E-03,0.8288308,0,0.8288308,0
403,4.215266E-03,0.8288308,0,0.8288308,0
405,4.932841E-03,0.8288308,0,0.8288308,0
407,5.650416E-03,0.8288308,0,0.8288308,0
409,6.367992E-03,0.8288308,0,0.8288308,0
411,7.085567E-03,0.8288308,0,0.8288308,0
413,7.803142E-03,0.8288308,0,0.8288308,0
415,8.520717E-03,0.8288308,0,0.8288308,0
417,9.238292E-03,0.8288308,0,0.8288308,0
419,1.275732E-02,0.8288308,0,0.8288308,0
421,1.627635E-02,0.8288308,0,0.8288308,0
423,1.979537E-02,0.8288308,0,0.8288308,0
425,0.0233144,0.8288308,0,0.8288308,0
427,2.683343E-02,0.8288308,0,0.8288308,0
429,3.035246E-02,0.8288308,0,0.828827,0
431,3.387148E-02,0.8288308,0,0.8288231,0
433,3.739051E-02,0.8288308,0,0.8288193,0
435,4.090954E-02,0.8288308,0,0.8288154,0
437,5.737266E-02,0.8288308,0,0.8288308,0
439,8.677988E-02,0.8288308,0,0.8288308,0
441,0.1161871,0.8288308,0,0.8288308,0
443,0.1455943,0.8288308,0,0.8288267,0
445,0.1750015,0.8288308,0,0.8288184,0
447,0.2044087,0.8288308,0,0.8288102,0
449,0.2273214,0.8288308,0,0.8288019,0
451,0.2437394,0.8288308,0,0.8287427,0
453,0.2601574,0.8288282,0,0.8286805,0
455,0.2765755,0.8288229,0,0.8286151,0
457,0.2929935,0.8288177,0,0.8285498,0
459,0.3094116,0.8288124,0,0.8284844,0
461,0.3258296,0.8288071,0,0.8284191,0
463,0.3422476,0.8288019,0,0.8283538,0
465,0.3586657,0.8287427,0,0.8282515,0
467,0.3750837,0.828388,0,0.8267683,0
469,0.3915018,0.828524,0,0.8243763,0
471,0.4079198,0.82866,0,0.8219845,0
473,0.4191193,0.8287131,0,0.8195925,0
475,0.4251003,0.8286998,0,0.8218694,0
477,0.4310813,0.8286865,0,0.8243553,0
479,0.4370622,0.8286732,0,0.8259709,0
481,0.4424207,0.8286599,0,0.8257052,0
483,0.4477791,0.8286466,0,0.8254395,0
485,0.4531376,0.8286332,0,0.8251737,0
487,0.458496,0.82862,0,0.8249079,0
489,0.4638545,0.8286067,0,0.8246421,0
491,0.4692129,0.8285933,0,0.8256009,0
493,0.4745713,0.8288201,0,0.8268445,0
495,0.4990715,0.828819,0,0.827341,0
497,0.5235717,0.828818,0,0.8276491,0
499,0.5480719,0.8288169,0,0.8275904,0
501,0.5725721,0.8288308,0,0.8275316,0
503,0.6241106,0.8288308,0,0.8274729,0
505,0.675649,0.8288308,0,0.8278376,0
507,0.7271875,0.8288308,0,0.8283342,0
509,0.778726,0.8288308,0,0.8287427,0
511,0.7899871,0.8288308,0,0.8287394,0
513,0.8012483,0.8288308,0,0.8287361,0
515,0.8125095,0.8288308,0,0.8287328,0
517,0.8190105,0.8288308,0,0.8288073,0
519,0.8207514,0.8288308,0,0.8288062,0
521,0.8224922,0.8288308,0,0.8288051,0
523,0.8242331,0.8288308,0,0.8288041,0
525,0.825974,0.8288308,0,0.828803,0
527,0.8270651,0.8288308,0,0.8288308,0
529,0.8275065,0.8288308,0,0.8288226,0
531,0.827948,0.8288308,0,0.8288143,0
533,0.8283894,0.8288308,0,0.828806,0
535,0.8288308,0.8288308,0,0.8288288,0
537,0.8288308,0.8288308,0,0.8288246,0
539,0.8288308,0.8288308,0,0.8288205,0
541,0.8288308,0.8288308,0,0.8288164,0
543,0.8288308,0.8288308,0,0.8288122,0
545,0.8288308,0.8288308,0,0.8288081,0
547,0.8288308,0.8288308,0,0.828804,0
549,0.8288308,0.8288308,0,0.8287723,0
551,0.8288308,0.8288308,0,0.8287131,0
553,0.8288308,0.8288308,0,0.8286233,0
555,0.8288308,0.8288308,0,0.8285335,0
557,0.8288308,0.8288308,0,0.8284436,0
559,0.8288308,0.8288308,0,0.8283538,0
561,0.8288212,0.8288212,0,0.828566,0
563,0.8288115,0.8288308,0,0.8284736,0
565,0.8288019,0.8288308,0,0.8287131,0
567,0.8287948,0.8288308,0,0.8287948,0
569,0.8287877,0.8288308,0,0.8287877,0
571,0.8287806,0.8288308,0,0.8287806,0
573,0.8287735,0.8288308,0,0.8287735,0
575,0.8287664,0.8288308,0,0.8287664,0
577,0.8287593,0.8288308,0,0.8287593,0
579,0.8287522,0.8288308,0,0.8287522,0
581,0.8287451,0.8288308,0,0.8287451,0
583,0.828738,0.8288308,0,0.828738,0
585,0.8287309,0.8288308,0,0.8287309,0
587,0.8287238,0.8288308,0,0.8287238,0
589,0.8287167,0.8288308,0,0.8287167,0
591,0.8286412,0.8288308,0,0.8286412,0
593,0.8284975,0.8288308,0,0.8284975,0
595,0.8283538,0.8288308,0,0.8285387,0
597,0.8267683,0.8288308,0,0.8283538,0
599,0.8260507,0.8288279,0,0.8281952,0
601,0.8253331,0.8288251,0,0.8280367,0
603,0.8246155,0.8288308,0,0.8286053,0
605,0.823898,0.8288308,0,0.8285694,0
607,0.8231804,0.8288308,0,0.8285334,0
609,0.8224629,0.8288308,0,0.8284975,0
611,0.8217453,0.8288308,0,0.8284615,0
613,0.8210277,0.8288308,0,0.8284256,0
615,0.8203101,0.8288308,0,0.8283897,0
617,0.8195925,0.8288308,0,0.8283538,0
619,0.8160735,0.8288278,0,0.8281869,0
621,0.8125545,0.8288247,0,0.82802,0
623,0.8090355,0.8288217,0,0.828126,0
625,0.8055164,0.8288186,0,0.8282541,0
627,0.8019974,0.8288156,0,0.8283823,0
629,0.7984784,0.8288125,0,0.8284861,0
631,0.7949594,0.8288095,0,0.8284483,0
633,0.7914403,0.8288065,0,0.8284105,0
635,0.7879213,0.8288308,0,0.8283727,0
637,0.7714581,0.8288308,0,0.8286832,0
639,0.7420509,0.8288308,0,0.8286233,0
641,0.7126437,0.8288308,0,0.8285634,0
643,0.6832365,0.8288308,0,0.8285035,0
645,0.6538293,0.8288308,0,0.8284436,0
647,0.6244221,0.8288308,0,0.8283837,0
649,0.6015095,0.8288296,0,0.8282877,0
651,0.5850914,0.8288272,0,0.8284998,0
653,0.5686734,0.8288248,0,0.8287205,0
655,0.5522553,0.8288308,0,0.828776,0
657,0.5358373,0.8288308,0,0.8287686,0
659,0.5194193,0.8288308,0,0.8287612,0
661,0.5030012,0.8288308,0,0.8287538,0
663,0.4865832,0.8288308,0,0.8287464,0
665,0.4701651,0.8288308,0,0.8288103,0
667,0.4537471,0.8288308,0,0.8288079,0
669,0.4373291,0.8288308,0,0.8288055,0
671,0.420911,0.8288308,0,0.8288308,0
673,0.4097115,0.8288308,0,0.8288308,0
675,0.4037305,0.8288308,0,0.8288308,0
677,0.3977496,0.8288308,0,0.8288308,0
679,0.3917686,0.8288308,0,0.8288308,0
681,0.3864101,0.8288308,0,0.8288308,0
683,0.3810517,0.8288308,0,0.8288308,0
685,0.3756933,0.8288308,0,0.8288308,0
687,0.3703348,0.8288308,0,0.8288308,0
689,0.3649764,0.8288308,0,0.8288308,0
691,0.3596179,0.8288308,0,0.8288308,0
693,0.3542595,0.8288308,0,0.8288308,0
695,0.3297593,0.8288308,0,0.8288308,0
697,0.3052591,0.8288308,0,0.8288308,0
699,0.2807589,0.8288308,0,0.8288308,0
701,0.2562588,0.8288308,0,0.8288308,0
703,0.2047203,0.8288308,0,0.8288308,0
705,0.1531818,0.8288308,0,0.8288308,0
707,0.1016433,0.8288308,0,0.8288308,0
709,5.010483E-02,0.8288308,0,0.8288308,0
711,3.884367E-02,0.8288308,0,0.8288308,0
713,2.758252E-02,0.8288308,0,0.8288308,0
715,1.632136E-02,0.8288308,0,0.8288308,0
717,9.820345E-03,0.8288308,0,0.8288308,0
719,8.07947E-03,0.8288308,0,0.8288308,0
721,6.338596E-03,0.8288308,0,0.8288308,0
723,4.597721E-03,0.8288308,0,0.8288308,0
725,2.856847E-03,0.8288308,0,0.8288308,0
727,1.765698E-03,0.8288308,0,0.8288308,0
729,1.324273E-03,0.8288308,0,0.8288308,0
731,8.828488E-04,0.8288308,0,0.8288308,0
733,4.414244E-04,0.8288308,0,0.8288308,0
735,0,0.8288308,0,0.8288308,0
737,0,0.8288308,0,0.8288308,0
739,0,0.8288308,0,0.8288308,0
741,0,0.8288308,0,0.8288308,0
743,0,0.8288308,0,0.8288308,0
745,0,0.8288308,0,0.8288308,0
747,0,0.8288308,0,0.8288308,0
749,0,0.8288308,0,0.8288308,0
751,0,0.8288308,0,0.8288308,0
753,0,0.8288308,0,0.8288308,0
755,0,0.8288308,0,0.8288308,0
757,0,0.8288308,0,0.8288308,0
759,0,0.8288308,0,0.8288308,0
761,0,0.8288308,0,0.8288308,0
763,0,0.8288308,0,0.8288308,0
765,0,0.8288308,0,0.8288308,0
767,0,0.8288308,0,0.8288308,0
769,0,0.8288308,0,0.8288308,0
771,0,0.8288308,0,0.8288308,0
773,0,0.8288308,0,0.8288308,0
775,0,0.8288308,0,0.8288308,0
777,0,0.8288308,0,0.8288308,0
779,0,0.8288308,0,0.8288308,0
781,0,0.8288308,0,0.8288308,0
783,0,0.8288308,0,0.8288308,0
785,0,0.8288308,0,0.8288308,0
787,0,0.8288308,0,0.8288308,0
789,0,0.8288308,0,0.8288308,0
791,0,0.8288308,0,0.8288308,0
793,0,0.8288308,0,0.8288308,0
795,0,0.8288308,0,0.8288308,0
797,0,0.8288308,0,0.8288308,0
799,0,0.8288308,0,0.8288308,0
801,0,0.8288308,0,0.8288308,0
803,0,0.8288308,0,0.8288308,0
805,0,0.8288308,0,0.8288308,0
807,0,0.8288308,0,0.8288308,0
809,0,0.8288308,0,0.8288308,0
811,0,0.8288308,0,0.8288308,0
813,0,0.8288308,0,0.8288308,0
815,0,0.8288308,0,0.8288308,0
817,0,0.8288308,0,0.8288308,0
819,0,0.8288308,0,0.8288308,0
821,0,0.8288308,0,0.8288308,0
823,0,0.8288308,0,0.8288308,0
825,0,0.8288308,0,0.8288308,0
827,0,0.8288308,0,0.8288308,0
829,0,0.8288308,0,0.8288308,0
831,0,0.8288308,0,0.8288308,0
833,0,0.8288308,0,0.8288308,0
835,0,0.8288308,0,0.8288308,0
837,0,0.8288308,0,0.8288308,0
839,0,0.8288308,0,0.8288308,0
841,0,0.8288308,0,0.8288308,0
843,0,0.8288308,0,0.8288308,0
845,0,0.8288308,0,0.8288308,0
847,0,0.8288308,0,0.8288308,0
849,0,0.8288308,0,0.8288308,0
851,0,0.8288308,0,0.8288308,0
853,0,0.8288308,0,0.8288308,0
855,0,0.8288308,0,0.8288308,0
857,0,0.8288308,0,0.8288308,0
859,0,0.8288308,0,0.8288308,0
861,0,0.8288308,0,0.8288308,0
863,0,0.8288308,0,0.8288308,0
865,0,0.8288308,0,0.8288308,0
867,0,0.8288308,0,0.8288308,0
869,0,0.8288308,0,0.8288308,0
871,0,0.8288308,0,0.8288308,0
873,0,0.8288308,0,0.8288308,0
875,0,0.8288308,0,0.8288308,0
877,0,0.8288308,0,0.8288308,0
879,0,0.8288308,0,0.8288308,0
881,0,0.8288308,0,0.8288308,0
883,0,0.8288308,0,0.8288308,0
885,0,0.8288308,0,0.8288308,0
887,0,0.8288308,0,0.8288308,0
889,0,0.8288308,0,0.8288308,0
891,0,0.8288308,0,0.8288308,0
893,0,0.8288308,0,0.8288308,0
895,0,0.8288308,0,0.8288308,0
897,0,0.8288308,0,0.8288308,0
899,0,0.8288308,0,0.8288308,0
901,0,0.8288308,0,0.8288308,0
903,0,0.8288308,0,0.8288308,0
905,0,0.8288308,0,0.8288308,0
907,0,0.8288308,0,0.8288308,0
909,0,0.8288308,0,0.8288308,0
911,0,0.8288308,0,0.8288308,0
913,0,0.8288308,0,0.8288308,0
915,0,0.8288308,0,0.8288308,0
917,0,0.8288308,0,0.8288308,0
919,0,0.8288308,0,0.8288308,0
921,0,0.8288308,0,0.8288308,0
923,0,0.8288308,0,0.8288308,0
925,0,0.8288308,0,0.8288308,0
927,0,0.8288308,0,0.8288308,0
929,0,0.8288308,0,0.8288308,0
931,0,0.8288308,0,0.8288308,0
933,0,0.8288308,0,0.8288308,0
935,0,0.8288308,0,0.8288308,0
937,0,0.8288308,0,0.8288308,0
939,0,0.8288308,0,0.8288308,0
941,0,0.8288308,0,0.8288308,0
943,0,0.8288308,0,0.8288308,0
945,0,0.8288308,0,0.8288308,0
947,0,0.8288308,0,0.8288308,0
949,0,0.8288308,0,0.8288308,0
951,0,0.8288308,0,0.8288308,0
953,0,0.8288308,0,0.8288308,0
955,0,0.8288308,0,0.8288308,0
957,0,0.8288308,0,0.8288308,0
959,0,0.8288308,0,0.8288308,0
961,0,0.8288308,0,0.8288308,0
963,0,0.8288308,0,0.8288308,0
965,0,0.8288308,0,0.8288308,0
967,0,0.8288308,0,0.8288308,0
969,0,0.8288308,0,0.8288308,0
971,0,0.8288308,0,0.8288308,0
973,0,0.8288308,0,0.8288308,0
975,0,0.8288308,0,0.8288308,0
977,0,0.8288308,0,0.8288308,0
979,0,0.8288308,0,0.8288308,0
981,0,0.8288308,0,0.8288308,0
983,0,0.8288308,0,0.8288308,0
985,0,0.8288308,0,0.8288308,0
987,0,0.8288308,0,0.8288308,0
989,0,0.8288308,0,0.8288308,0
991,0,0.8288308,0,0.8288308,0
993,0,0.8288308,0,0.8288308,0
995,0,0.8288308,0,0.8288308,0
997,0,0.8288308,0,0.8288308,0
999,0,0.8288308,0,0.8288308,0
1001,0,0.8288308,0,0.8288308,0
1003,0,0.8288308,0,0.8288308,0
1005,0,0.8288308,0,0.8288308,0
1007,0,0.8288308,0,0.8288308,0
1009,0,0.8288308,0,0.8288308,0
1011,0,0.8288308,0,0.8288308,0
1013,0,0.8288308,0,0.8288308,0
1015,0,0.8288308,0,0.8288308,0
1017,0,0.8288308,0,0.8288308,0
1019,0,0.8288308,0,0.8288308,0
1021,0,0.8288308,0,0.8288308,0
1023,0,0.8288308,0,0.8288308,0
1025,0,0.8288308,0,0.8288308,0
1027,0,0.8288308,0,0.8288308,0
1029,0,0.8288308,0,0.8288308,0
1031,4.153307E-04,0.8288308,0,0.8288308,0
1033,4.464464E-04,0.8288308,0,0.8288308,0
1035,4.77562E-04,0.8288308,0,0.8288308,0
1037,5.086777E-04,0.8288308,0,0.8288308,0
1039,5.397935E-04,0.8288308,0,0.8288308,0
1041,5.709091E-04,0.8288308,0,0.8288308,0
1043,6.271945E-04,0.8288308,0,0.8288308,0
1045,7.086495E-04,0.8288308,0,0.8288308,0
1047,7.901044E-04,0.8288308,0,0.8288308,0
1049,8.715594E-04,0.8288308,0,0.8288308,0
1051,9.530143E-04,0.8288308,0,0.8288308,0
1053,1.034469E-03,0.8288308,0,0.8288308,0
1055,1.115924E-03,0.8288308,0,0.8288308,0
1057,1.197379E-03,0.8288308,0,0.8288308,0
1059,1.278834E-03,0.8288308,0,0.8288308,0
1061,2.941206E-03,0.8288308,0,0.8288308,0
1063,4.603577E-03,0.8288308,0,0.8288308,0
1065,6.265949E-03,0.8288308,0,0.8288308,0
1067,7.92832E-03,0.8288308,0,0.8288308,0
1069,9.590692E-03,0.8288308,0,0.8288308,0
1071,1.125306E-02,0.8288308,0,0.8288308,0
1073,1.125306E-02,0.8288308,0,0.8288308,0
1075,1.125306E-02,0.8288308,0,0.8288308,0
1077,1.125306E-02,0.8288308,0,0.8288308,0
1079,1.125306E-02,0.8288308,0,0.8288308,0
1081,1.125306E-02,0.8288308,0,0.8288308,0
1083,1.125306E-02,0.8288308,0,0.8288308,0
1085,1.125306E-02,0.8288308,0,0.8288276,0
1087,1.125306E-02,0.8288308,0,0.8288212,0
1089,1.125306E-02,0.8288308,0,0.8288147,0
1091,1.125306E-02,0.8288308,0,0.8288083,0
1093,1.125306E-02,0.8288308,0,0.8288019,0
1095,1.125306E-02,0.8288308,0,0.8287945,0
1097,1.125306E-02,0.8288308,0,0.8287871,0
1099,1.125306E-02,0.8288308,0,0.8287797,0
1101,1.125306E-02,0.8288308,0,0.8287723,0
1103,0.2142314,0.8288308,0,0.8287649,0
1105,0.4172097,0.8288308,0,0.8287575,0
1107,0.4353378,0.8288308,0,0.8287501,0
1109,0.4534658,0.8288308,0,0.8287427,0
1111,0.4715939,0.8288308,0,0.8287353,0
1113,0.4897219,0.8288308,0,0.8287279,0
1115,0.5078499,0.8288308,0,0.8287205,0
1117,0.525978,0.8288308,0,0.8287131,0
1119,0.544106,0.8288308,0,0.8284736,0
1121,0.562234,0.8288284,0,0.8282216,0
1123,0.562234,0.8288236,0,0.8279574,0
1125,0.562234,0.8288188,0,0.8276932,0
1127,0.562234,0.828814,0,0.8274289,0
1129,0.562234,0.8288091,0,0.8271646,0
1131,0.562234,0.8288043,0,0.8269004,0
1133,0.562234,0.8287976,0,0.826843,0
1135,0.562234,0.8287892,0,0.8268403,0
1137,0.562234,0.8287808,0,0.8268375,0
1139,0.562234,0.8287723,0,0.8268348,0
1141,0.562234,0.8287638,0,0.826832,0
1143,0.562234,0.8287554,0,0.8268293,0
1145,0.562234,0.828747,0,0.8268265,0
1147,0.562234,0.8287385,0,0.8268238,0
1149,0.562234,0.82873,0,0.826821,0
1151,0.562234,0.8287216,0,0.8268182,0
1153,0.562234,0.8287131,0,0.8267683,0
1155,0.562234,0.8284736,0,0.8219845,0
1157,0.562234,0.8279574,0,0.8200753,0
1159,0.562234,0.8271646,0,0.8200309,0
1161,0.562234,0.8264563,0,0.818139,0
1163,0.562234,0.8258323,0,0.815232,0
1165,0.562234,0.8252084,0,0.812325,0
1167,0.562234,0.8245844,0,0.809418,0
1169,0.562234,0.8239604,0,0.8065109,0
1171,0.562234,0.8233364,0,0.8036039,0
1173,0.562234,0.8227124,0,0.8127052,0
1175,0.562234,0.8220885,0,0.8161869,0
1177,0.562234,0.8214645,0,0.8196687,0
1179,0.562234,0.8223575,0,0.8209929,0
1181,0.562234,0.8255073,0,0.8216551,0
1183,0.562234,0.8260038,0,0.8216551,0
1185,0.562234,0.8265005,0,0.8219116,0
1187,0.562234,0.8269971,0,0.8216551,0
1189,0.562234,0.8272454,0,0.8216551,0
1191,0.562234,0.8272454,0,0.8216551,0
1193,0.562234,0.8273127,0,0.8216781,0
1195,0.562234,0.8276438,0,0.8231288,0
1197,0.562234,0.8279749,0,0.8245796,0
1199,0.562234,0.8283059,0,0.8260303,0
