组,方法,数据集,sens,prec,fdr,f1,tp,fp,fn,FP物种
VIROMOCK-8,salmon-k31(常规),D11 *Pepino mosaic virus*,1.0,1.0,0.0,1.0,1,0,0,
VIROMOCK-8,salmon-k31(常规),D12 *Cassava mosaic virus*,1.0,0.5,0.5,0.6666666666666666,1,1,0,East African cassava mosaic Kenya virus
VIROMOCK-8,salmon-k31(常规),"D13 *Banana streak virus*

The composition of this dataset is completely artificial and consists of viral reads only",1.0,0.5,0.5,0.6666666666666666,1,1,0,Musa acuminata endogenous badnavirus
VIROMOCK-8,salmon-k31(常规),D14 *Potato virus Y*,1.0,0.3333333333333333,0.6666666666666666,0.5,1,2,0,Physalis floridana potyvirus; Spiraea potyvirus
VIROMOCK-8,salmon-k31(常规),D15 *Eggplant mottled dwarf virus*,1.0,1.0,0.0,1.0,1,0,0,
VIROMOCK-8,salmon-k31(常规),D16 *Bell pepper endornavirus*,1.0,0.5,0.5,0.6666666666666666,1,1,0,Hot pepper alphaendornavirus
VIROMOCK-8,salmon-k31(常规),D17 *Little cherry virus 1*,1.0,1.0,0.0,1.0,1,0,0,
VIROMOCK-8,salmon-k31(常规),D18 *Barley yellow dwarf virus*,1.0,1.0,0.0,1.0,1,0,0,
Bari-S3,salmon-k15(小RNA适配),S3 (250K sRNA),1.0,1.0,0.0,1.0,2,0,0,
Bari-S9,salmon-k15(小RNA适配),S9 (250K sRNA),0.4444444444444444,0.5,0.5,0.47058823529411764,4,4,5,Citrus exocortis Yucatan viroid; Citrus gummy bark viroid; Dapple plum and peach fruit disease viroid
Bari-S3,srna组装+BLAST(≥60bp),S3 (250K sRNA),1.0,1.0,0.0,1.0,2,0,0,
Bari-S9,srna组装+BLAST(≥60bp),S9 (250K sRNA),0.2222222222222222,0.2857142857142857,0.7142857142857143,0.25,2,5,7,Pittosporum cryptic virus-1; Disporopsis pernyi associated partitivirus; Dapple peach fruit disease viroid
VIROMOCK-D110,salmon引擎,D1 Citrus tristeza virus,1.0,0.35714285714285715,0.6428571428571429,0.5263157894736842,5,9,0,Prunus virus F; Citrus gummy bark viroid; Elephantopus scaber closterovirus
VIROMOCK-D110,minibwa引擎,D1 Citrus tristeza virus,1.0,0.4166666666666667,0.5833333333333334,0.5882352941176471,5,7,0,Dapple peach fruit disease viroid; Apple ourmia-like virus 1; Dapple plum and peach fruit disease viroid
VIROMOCK-D110,salmon引擎,D2 Citrus tristeza virus,1.0,0.35714285714285715,0.6428571428571429,0.5263157894736842,5,9,0,Prunus virus F; Citrus endogenous pararetrovirus; Elephantopus scaber closterovirus
VIROMOCK-D110,minibwa引擎,D2 Citrus tristeza virus,0.8,0.36363636363636365,0.6363636363636364,0.5000000000000001,4,7,1,Dapple peach fruit disease viroid; Dapple plum and peach fruit disease viroid; Apple ourmia-like virus 1
VIROMOCK-D110,salmon引擎,D3 Grapevine rupestris stem pitting-associated virus,0.2,0.16666666666666666,0.8333333333333334,0.1818181818181818,1,5,4,Grapevine yellow speckle viroid 3; Dapple peach fruit disease viroid; Citrus exocortis Yucatan viroid
VIROMOCK-D110,minibwa引擎,D3 Grapevine rupestris stem pitting-associated virus,0.4,0.2222222222222222,0.7777777777777778,0.2857142857142857,2,7,3,Citrus gummy bark viroid; Grapevine satellite virus; Dapple plum and peach fruit disease viroid
VIROMOCK-D110,salmon引擎,D4 Grapevine red blotch virus,0.8,0.4,0.6,0.5333333333333333,4,6,1,Dapple plum and peach fruit disease viroid; Citrus gummy bark viroid; Dapple peach fruit disease viroid
VIROMOCK-D110,minibwa引擎,D4 Grapevine red blotch virus,0.8,0.4444444444444444,0.5555555555555556,0.5714285714285714,4,5,1,Citrus exocortis Yucatan viroid; Dapple plum and peach fruit disease viroid; Grapevine geminivirus
VIROMOCK-D110,salmon引擎,D5 Potato virus Y,1.0,0.25,0.75,0.4,1,3,0,Physalis floridana potyvirus; Citrus exocortis Yucatan viroid; Spiraea potyvirus
VIROMOCK-D110,minibwa引擎,D5 Potato virus Y,1.0,0.25,0.75,0.4,1,3,0,Physalis floridana potyvirus; Spiraea potyvirus; Citrus exocortis Yucatan viroid
VIROMOCK-D110,salmon引擎,D6 Potato virus Y,1.0,0.25,0.75,0.4,1,3,0,Spiraea potyvirus; Citrus exocortis Yucatan viroid; Physalis floridana potyvirus
VIROMOCK-D110,minibwa引擎,D6 Potato virus Y,1.0,0.25,0.75,0.4,1,3,0,Citrus exocortis Yucatan viroid; Spiraea potyvirus; Physalis floridana potyvirus
VIROMOCK-D110,salmon引擎,D7 Tomato spotted wilt virus,0.0,0.0,1.0,0.0,0,3,1,Pea enation mosaic virus 2; Citrus exocortis Yucatan viroid; Tobacco vein clearing virus
VIROMOCK-D110,minibwa引擎,D7 Tomato spotted wilt virus,0.0,0.0,1.0,0.0,0,1,1,Citrus exocortis Yucatan viroid
VIROMOCK-D110,salmon引擎,D8 Pelargonium flower break virus,0.5,1.0,0.0,0.6666666666666666,1,0,1,
VIROMOCK-D110,minibwa引擎,D8 Pelargonium flower break virus,0.5,0.5,0.5,0.5,1,1,1,Citrus exocortis Yucatan viroid
VIROMOCK-D110,salmon引擎,D9 Pistachio virus B,1.0,0.5,0.5,0.6666666666666666,1,1,0,Citrus exocortis Yucatan viroid
VIROMOCK-D110,minibwa引擎,D9 Pistachio virus B,1.0,0.3333333333333333,0.6666666666666666,0.5,1,2,0,Citrus exocortis Yucatan viroid; pistacia virus B
VIROMOCK-D110,salmon引擎,D10 Plum bark necrosis stem pitting-associated virus,0.5,0.3333333333333333,0.6666666666666666,0.4,1,2,1,Citrus exocortis Yucatan viroid; Apricot stem pitting associated virus
VIROMOCK-D110,minibwa引擎,D10 Plum bark necrosis stem pitting-associated virus,0.5,0.3333333333333333,0.6666666666666666,0.4,1,2,1,Citrus exocortis Yucatan viroid; Apricot stem pitting associated virus
VIROMOCK-8,minibwa引擎,D11 *Pepino mosaic virus*,1.0,1.0,0.0,1.0,1,0,0,
VIROMOCK-8,minibwa引擎,D12 *Cassava mosaic virus*,1.0,0.3333333333333333,0.6666666666666666,0.5,1,2,0,Mentha virus India BKB-2008; Mulberry mosaic virus
VIROMOCK-8,minibwa引擎,"D13 *Banana streak virus*

The composition of this dataset is completely artificial and consists of viral reads only",1.0,0.5,0.5,0.6666666666666666,1,1,0,Musa acuminata endogenous badnavirus
VIROMOCK-8,minibwa引擎,D14 *Potato virus Y*,1.0,0.5,0.5,0.6666666666666666,1,1,0,Spiraea potyvirus
VIROMOCK-8,minibwa引擎,D15 *Eggplant mottled dwarf virus*,1.0,1.0,0.0,1.0,1,0,0,
VIROMOCK-8,minibwa引擎,D16 *Bell pepper endornavirus*,1.0,0.5,0.5,0.6666666666666666,1,1,0,Hot pepper alphaendornavirus
VIROMOCK-8,minibwa引擎,D17 *Little cherry virus 1*,0.0,0.0,0.0,0.0,0,0,1,
VIROMOCK-8,minibwa引擎,D18 *Barley yellow dwarf virus*,1.0,1.0,0.0,1.0,1,0,0,
Bari-S3,salmon-k15(50K稀释),S3 (50K sRNA),1.0,1.0,0.0,1.0,2,0,0,
Bari-S9,salmon-k15(50K稀释),S9 (50K sRNA),0.3333333333333333,0.6,0.4,0.42857142857142855,3,2,6,Dapple plum and peach fruit disease viroid; Citrus gummy bark viroid
Bari-S3,全链路(fastp→鉴定+组装),S3 (250K sRNA),1.0,1.0,0.0,1.0,2,0,0,
Bari-S9,全链路(fastp→鉴定+组装),S9 (250K sRNA),0.4444444444444444,0.2857142857142857,0.7142857142857143,0.34782608695652173,4,10,5,Citrus exocortis Yucatan viroid; Citrus gummy bark viroid; Dapple plum and peach fruit disease viroid
Bari-S3,"salmon-k31(原始配置,对照)",S3 (250K sRNA),0.0,0.0,0.0,0.0,0,0,2,
Bari-S3,minibwa(对照),S3 (250K sRNA),0.0,0.0,0.0,0.0,0,0,2,
