实验,方法,wall_s,rss_mb,mapped,total,reads_in,n_contigs,n_ge60,index_build_s,stages,qc_survived
VIROMOCK D11,salmon-k31,9.2,234.6,69988,69641,69641,,,,,
VIROMOCK D12,salmon-k31,10.9,235.0,270648,95902,95902,,,,,
VIROMOCK D13,salmon-k31,8.8,234.7,80723,80571,80571,,,,,
VIROMOCK D14,salmon-k31,10.1,234.7,175830,93578,93578,,,,,
VIROMOCK D15,salmon-k31,8.8,234.8,77778,75741,75741,,,,,
VIROMOCK D16,salmon-k31,8.8,234.1,88160,88160,88160,,,,,
VIROMOCK D17,salmon-k31,8.7,234.4,12694,12694,12694,,,,,
VIROMOCK D18,salmon-k31,8.7,234.6,92248,84920,84920,,,,,
Bari S3,salmon-k15,9.5,340.3,29067,27257,27257,,,,,
Bari S9,salmon-k15,8.7,320.8,16617,11794,11794,,,,,
Bari S3,srna组装,76.7,191.0,,,250000,48,40,,,
Bari S9,srna组装,71.7,126.6,,,250000,40,38,,,
VIROMOCK D1,salmon,127.4,233.6,116289,109316,109316,,,,,
VIROMOCK D1,minibwa,384.9,2474.2,2810353,43406868,43406868,,,,,
VIROMOCK D2,salmon,168.7,234.9,158910,150408,150408,,,,,
VIROMOCK D2,minibwa,374.4,2576.4,2920744,43513922,43513922,,,,,
VIROMOCK D3,salmon,101.8,563.5,1252442,1251398,1251398,,,,,
VIROMOCK D3,minibwa,453.2,7875.3,8891311,49052832,49052832,,,,,
VIROMOCK D4,salmon,24.5,508.6,1540508,1474283,1474283,,,,,
VIROMOCK D4,minibwa,132.9,1660.0,2729032,20109316,20109316,,,,,
VIROMOCK D5,salmon,32.8,708.3,2550972,934506,934506,,,,,
VIROMOCK D5,minibwa,0.9,2.0,,,,,,,,
VIROMOCK D6,salmon,35.9,619.4,2190374,842341,842341,,,,,
VIROMOCK D6,minibwa,274.0,8783.7,18038128,31327327,31327327,,,,,
VIROMOCK D7,salmon,24.7,246.9,7983,7918,7918,,,,,
VIROMOCK D7,minibwa,62.6,946.6,114612,3808738,3808738,,,,,
VIROMOCK D8,salmon,8.1,277.9,56151,53821,53821,,,,,
VIROMOCK D8,minibwa,14.4,297.9,87355,130354,130354,,,,,
VIROMOCK D9,salmon,31.1,235.2,117506,117422,117422,,,,,
VIROMOCK D9,minibwa,106.5,1306.1,605421,10519806,10519806,,,,,
VIROMOCK D10,salmon,33.8,443.3,1279325,1213362,1213362,,,,,
VIROMOCK D10,minibwa,144.8,1421.9,1666449,24573681,24573681,,,,,
VIROMOCK D11,minibwa,9.8,240.4,86068,97156,97156,,,,,
VIROMOCK D12,minibwa,12.3,372.2,96446,96444,96444,,,,,
VIROMOCK D13,minibwa,9.5,239.0,88091,94480,94480,,,,,
VIROMOCK D14,minibwa,10.9,331.9,101485,104666,104666,,,,,
VIROMOCK D15,minibwa,10.7,236.5,88271,97008,97008,,,,,
VIROMOCK D16,minibwa,10.1,235.8,94889,99960,99960,,,,,
VIROMOCK D17,minibwa,9.3,235.6,23300,99026,99026,,,,,
VIROMOCK D18,minibwa,12.2,281.2,91223,93834,93834,,,,,
Bari S3,salmon-k15·50K,8.9,235.4,11464,10894,10894,,,,,
Bari S9,salmon-k15·50K,9.1,283.7,3272,2319,2319,,,,,
Bari S3,全链路,69.2,1164.8,32984,29988,29988,,,,"{'fastp_s': 4.6, 'identify_s': 8.5, 'assemble_s': 55.6}",249802
Bari S9,全链路,74.1,1164.9,19544,13948,13948,,,,"{'fastp_s': 4.5, 'identify_s': 8.8, 'assemble_s': 60.1}",249889
Bari S3,salmon-k31对照,0.2,2.0,0,250000,250000,,,,,
Bari S3,minibwa对照,0.0,2.0,0,250000,250000,,,,,
