example_contig_1_1	pfam02122	1.711E-63	8.700	654	213	415	1	203	233
example_contig_1_2	cd23180	3.969E-118	37.300	315	1	296	152	447	379
example_contig_1_2	cd23184	1.750E-48	36.100	315	9	246	12	257	177
example_contig_1_2	pfam02123	4.551E-45	9.500	315	8	256	166	479	167
example_contig_1_4	pfam00894	4.429E-46	60.100	206	68	205	1	138	165
example_contig_1_5	pfam01690	1.305E-70	34.500	465	5	439	55	474	248
example_contig_2_7	pfam07028	3.442E-29	33.000	143	22	130	1	109	113
example_contig_2_9	cd01647	5.312E-41	33.500	1830	1277	1460	1	176	168
example_contig_2_9	cd03715	3.452E-13	23.200	1830	1258	1463	9	209	76
example_contig_2_9	cd03714	4.724E-08	22.300	1830	1350	1463	1	119	59
