example_contig_1	YP_010806246.1	100	1085	0.0	2210	YP_010806246.1 P2-RdRp [Pepper yellows virus]	6096	1085
example_contig_1	YP_009455740.1	96.2	1085	0.0	2124	YP_009455740.1 P2 [Pepper vein yellows virus 5]	6096	1085
example_contig_1	YP_010790320.1	95.9	1085	0.0	2113	YP_010790320.1 putative P1-P2 fusion protein [Pepper vein yellows virus]	6096	1085
example_contig_1	YP_004207916.3	92.9	1085	0.0	2043	YP_004207916.3 putative P1-P2 fusion protein [Pepper vein yellows virus]	6096	1085
example_contig_1	YP_013025886.1	93.1	1085	0.0	2040	YP_013025886.1 putative P1-P2 fusion protein [Pod pepper vein yellows virus]	6096	1085
example_contig_1	YP_010790425.1	92.4	1085	0.0	2028	YP_010790425.1 putative P1-P2 fusion protein [Pepper vein yellows virus]	6096	1085
example_contig_1	YP_013018370.1	91.4	1083	0.0	2007	YP_013018370.1 P1-P2 [Pepper whitefly borne vein yellow virus]	6096	1085
example_contig_1	YP_009455743.1	85.5	681	0.0	1136	YP_009455743.1 putative read through protein P5 [Pepper vein yellows virus 5]	6096	731
example_contig_1	YP_010790322.1	82.2	686	0.0	1104	YP_010790322.1 putative read through protein P5 [Pepper vein yellows virus]	6096	736
example_contig_1	YP_004207918.1	80.5	683	0.0	1088	YP_004207918.1 putative read through protein P5 [Pepper vein yellows virus]	6096	736
example_contig_1	YP_010790427.1	80.5	683	0.0	1085	YP_010790427.1 putative read through protein P5 [Pepper vein yellows virus]	6096	736
example_contig_1	YP_010806248.1	97.8	45	1.83e-20	89.4	YP_010806248.1 P3a [Pepper yellows virus]	6096	45
example_contig_1	YP_009455742.1	97.8	45	1.83e-20	89.4	YP_009455742.1 P3a [Pepper vein yellows virus 5]	6096	45
example_contig_1	YP_009186829.1	91.5	47	2.32e-19	86.3	YP_009186829.1 protein 3a [Tobacco vein distorting virus]	6096	47
example_contig_1	YP_009186827.1	93.2	44	2.21e-19	86.3	YP_009186827.1 protein 3a [Pepper vein yellows virus]	6096	45
example_contig_2	YP_009140788.1	100	1830	0.0	3660	YP_009140788.1 polyprotein [Grapevine Roditis leaf discoloration-associated virus]	6988	1830
example_contig_2	YP_009140786.1	100	143	5.73e-86	280	YP_009140786.1 hypothetical protein [Grapevine Roditis leaf discoloration-associated virus]	6988	143
example_contig_2	YP_009140787.1	100	135	3.81e-78	257	YP_009140787.1 hypothetical protein [Grapevine Roditis leaf discoloration-associated virus]	6988	135
