name	root_dist	year
SIM_Asia_3|Asia|2005	0.019093	2005
SIM_Asia_4|Asia|2007	0.017982	2007
SIM_Asia_2|Asia|2003	0.018139	2003
SIM_Americas_4|Americas|2016	0.13083	2016
SIM_Americas_5|Asia|2018	0.133865	2018
SIM_Americas_2|Americas|2012	0.133852	2012
SIM_Americas_1|Americas|2010	0.13412	2010
SIM_Americas_3|Americas|2014	0.134696	2014
SIM_Europe_5|Europe|2014	0.084286	2014
SIM_Europe_4|Europe|2012	0.086085	2012
SIM_Europe_3|Europe|2010	0.086751	2010
SIM_Europe_1|Europe|2006	0.086676	2006
SIM_Europe_2|Europe|2008	0.087139	2008
SIM_Asia_5|Europe|2009	0.019197	2009
SIM_Asia_1|Asia|2001	0.019197	2001
